id,brightness,noisy_brightness,noisy_sigma,psnr,residual_mean,residual_std,trimmed_std,outlier_fraction,residual_corr_h,residual_corr_v,row_bias_std,col_bias_std,noisy_black_fraction,noisy_white_fraction
001,0.4424859285354614,0.46927309036254883,0.07364559918642044,17.57793426513672,0.02678714506328106,0.12941783666610718,0.07697003334760666,0.06275651615690499,0.03856638818979263,0.03598934784531593,0.012893680483102798,0.011294766329228878,0.0149414481430436,0.03179355184174417
002,0.48832741379737854,0.5017852783203125,0.06007924675941467,19.543119430541992,0.01345786266028881,0.10453813523054123,0.0717267319560051,0.02400489225180493,0.0429534949362278,0.04154923930764198,0.011828669346868992,0.009167463518679142,0.00903606210239045,0.039807352372955095
003,0.3103114068508148,0.32778432965278625,0.06492441892623901,17.880420684814453,0.0174728911370039,0.12643606960773468,0.07730386406183243,0.054216372614342694,0.037080682814121246,0.02622930519282818,0.015365351922810078,0.012315254658460617,0.03376505630044754,0.006440856387461475
004,0.427293598651886,0.4236442446708679,0.030039656907320023,25.422670364379883,-0.003649389371275902,0.05343873053789139,0.049585144966840744,0.0004837487792188826,0.025435522198677063,0.01819782890379429,0.007260964717715979,0.006120509002357721,0.0023092158706108927,0.0015759865889017686
005,0.47578760981559753,0.4784146845340729,0.03972981870174408,23.981521606445312,0.002627031644806266,0.06317552179098129,0.05733858793973923,0.000748441507470724,0.012504182755947113,0.012826136313378811,0.005332933273166418,0.005504410248249769,0.0041498951877645025,0.0077612775835683625
006,0.3068123459815979,0.3242298364639282,0.06686249375343323,17.789810180664062,0.01741749793291092,0.12779471278190613,0.07734835892915726,0.05691197901929823,0.04893908649682999,0.04432308301329613,0.01505582220852375,0.01358313299715519,0.03904674108487509,0.013435437792645192
007,0.465263694524765,0.4648561179637909,0.05232714116573334,19.849172592163086,-0.00040762018761597574,0.10175080597400665,0.06713512539863586,0.027211629442350227,0.115080825984478,0.11167597770690918,0.011397444643080235,0.013914482668042183,0.01786523793442314,0.08271799880127662
008,0.26493385434150696,0.28349295258522034,0.05038910359144211,20.706859588623047,0.018559085205197334,0.09029678255319595,0.07091449201107025,0.008138540782456044,0.02454341948032379,0.012342759408056736,0.012986230663955212,0.009837421588599682,0.00043202721162944235,0.00020992871551008113
009,0.5717310905456543,0.562098503112793,0.06686240434646606,17.971323013305664,-0.009632575325667858,0.12594103813171387,0.07353813946247101,0.05446889556198525,0.09382613003253937,0.09496094286441803,0.012131553143262863,0.023338349536061287,0.01669693899593225,0.06914869342192934
010,0.27739042043685913,0.2807113230228424,0.06686244904994965,18.054689407348633,0.003320920979604125,0.12505829334259033,0.07585020363330841,0.05256736734178524,0.03758431598544121,0.028080973774194717,0.014100662432610989,0.011789916083216667,0.06974197022663174,0.004079918949261142
011,0.28681302070617676,0.27912771701812744,0.05620323121547699,18.9913330078125,-0.007685301825404167,0.1120506078004837,0.07256399840116501,0.03508851994170675,0.031629834324121475,0.03588122874498367,0.012253418564796448,0.01355835422873497,0.0962142854969682,0.004928761146758427
012,0.33105045557022095,0.33921584486961365,0.04457497224211693,21.23386573791504,0.008165414445102215,0.08637233078479767,0.06587498635053635,0.009912286306258613,0.04513637349009514,0.050861604511737823,0.011691976338624954,0.013333845883607864,0.020764688164584114,0.015738568772951447
013,0.16552063822746277,0.1762722283601761,0.028101615607738495,23.52229881286621,0.01075160875916481,0.06579029560089111,0.05177891626954079,0.0047066626506390655,0.10904120653867722,0.09043082594871521,0.011643698439002037,0.009609741158783436,0.13209688362343047,0.013459777353863753
014,0.15741194784641266,0.17305654287338257,0.051358114928007126,19.737417221069336,0.01564459688961506,0.10187502950429916,0.07144984602928162,0.021412728982028277,0.035559386014938354,0.03451136127114296,0.01218469999730587,0.01220698468387127,0.09494254342329844,0.0005233005661990428
015,0.22120685875415802,0.23180754482746124,0.0426369234919548,21.38611602783203,0.01060071587562561,0.08458831161260605,0.06491556018590927,0.008780496709595569,0.04484707489609718,0.031068090349435806,0.012431103736162186,0.01002757903188467,0.06011567376469121,0.0033892838996844982
016,0.5862351059913635,0.5640484094619751,0.09496401250362396,15.581311225891113,-0.02218671329319477,0.16482964158058167,0.0821102038025856,0.13679441893861258,0.02172042801976204,0.01688499189913273,0.012163352221250534,0.010861002840101719,0.0049044215855398665,0.019097428221112742
017,0.481648325920105,0.46760889887809753,0.06589334458112717,20.1197509765625,-0.014039448462426662,0.0976264476776123,0.07035745680332184,0.017494059625840094,0.049682047218084335,0.05894824489951134,0.010825960896909237,0.013589540496468544,0.00912429301180773,0.01705290507875369
018,0.330843448638916,0.35402408242225647,0.0707385241985321,17.358118057250977,0.023180661723017693,0.1335514783859253,0.07774458080530167,0.06843676125628645,0.03356558457016945,0.03461316600441933,0.015251515433192253,0.014323241077363491,0.022851805539075645,0.011527824682140543
019,0.199154794216156,0.213551327586174,0.03972986713051796,22.115947723388672,0.01439653616398573,0.07704600691795349,0.062149472534656525,0.00563460842209667,0.04445609450340271,0.056042496114969254,0.009507066570222378,0.012046155519783497,0.061287015148334414,0.008713562916244528
020,0.528980553150177,0.5449233055114746,0.05232714116573334,20.397136688232422,0.015942765399813652,0.0941910371184349,0.07051893323659897,0.011859451203743425,0.03373219072818756,0.03698200359940529,0.011606412939727306,0.010956997983157635,0.009927498532020214,0.023545483033804607
021,0.23100630939006805,0.23918645083904266,0.05038909241557121,19.72066879272461,0.008180135861039162,0.10294369608163834,0.06852246075868607,0.027351581919356948,0.08513758331537247,0.0780818834900856,0.014525472186505795,0.012423454783856869,0.0986908358509567,0.01279043942035335
022,0.2561732232570648,0.25368428230285645,0.042636919766664505,22.598743438720703,-0.00248895026743412,0.07409996539354324,0.062134142965078354,0.003060699823233937,0.037658192217350006,0.04940078780055046,0.009368988685309887,0.011945696547627449,0.036174672861085,0.003869990233751061
023,0.330971360206604,0.32584765553474426,0.02616356685757637,26.983600616455078,-0.005123695358633995,0.04445851221680641,0.03956420347094536,0.0004381121019340824,0.1034419983625412,0.08332187682390213,0.008367042057216167,0.006663707550615072,0.013660578733916875,0.015160504194010643
024,0.44669753313064575,0.4579625427722931,0.07945973426103592,16.768287658691406,0.01126505620777607,0.14463461935520172,0.07791856676340103,0.08908583650508241,0.045984115451574326,0.04033835977315903,0.012905833311378956,0.011361676268279552,0.02776839690522479,0.03317177949574514
025,0.5040342807769775,0.5026489496231079,0.0639553889632225,19.19219398498535,-0.0013853077543899417,0.10973766446113586,0.07277487218379974,0.03153798644894929,0.05514102429151535,0.04396369680762291,0.011779243126511574,0.012880435213446617,0.012547043808167749,0.04660113239808569
026,0.5503663420677185,0.5541427731513977,0.06589360535144806,19.214675903320312,0.0037764450535178185,0.1093975380063057,0.07527785748243332,0.02581210467228302,0.027023158967494965,0.017305515706539154,0.01215950958430767,0.00890785176306963,0.0012230629512326467,0.015443451593176404
027,0.2396429032087326,0.24247686564922333,0.04457496851682663,21.103137969970703,0.002833975711837411,0.08802744746208191,0.06674427539110184,0.010986269445027579,0.034471798688173294,0.040815312415361404,0.01135118305683136,0.012586664408445358,0.053872576312130535,0.006599063535382116
028,0.32385769486427307,0.32438918948173523,0.02325650490820408,28.164958953857422,0.0005315000889822841,0.03905816376209259,0.03527000918984413,0.00045028188254336247,0.10340011119842529,0.07572738826274872,0.00858477596193552,0.005881440360099077,0.00920948147607269,0.019736341703099947
029,0.1518542766571045,0.19260573387145996,0.04748202860355377,19.586959838867188,0.04075145348906517,0.09662855416536331,0.06450899690389633,0.02607375495538254,0.07458771020174026,0.06647296249866486,0.013687459751963615,0.012634801678359509,0.0884773474746184,0.008506676645886765
030,0.8967200517654419,0.8749823570251465,0.0552341528236866,20.032257080078125,-0.02173769846558571,0.09722895920276642,0.07422223687171936,0.01876884414466218,0.015651728957891464,0.010398643091320992,0.010545405559241772,0.008194993250072002,0.0,0.07551957357088745
031,0.38895225524902344,0.407081663608551,0.06201732158660889,19.13127326965332,0.018129421398043633,0.10902173072099686,0.0738816112279892,0.02990723584730576,0.02455924078822136,0.023146385326981544,0.011901197955012321,0.012157978489995003,0.0044723943739104245,0.011768177849173824
032,0.3554401397705078,0.3570038676261902,0.05426517874002457,20.19941520690918,0.001563751371577382,0.09771779924631119,0.07187994569540024,0.015160504194010643,0.02623714692890644,0.021129291504621506,0.012655818834900856,0.010640711523592472,0.01637139736463401,0.002768625088611215
033,0.195551797747612,0.23587308824062347,0.056203220039606094,18.46564483642578,0.040321290493011475,0.11230206489562988,0.06893407553434372,0.0445809488169452,0.10191665589809418,0.10192327946424484,0.014145388267934322,0.013135440647602081,0.07984897302263884,0.02075556082912715
034,0.19665703177452087,0.21782022714614868,0.05135812610387802,19.490535736083984,0.021163184195756912,0.10390756279230118,0.07161744683980942,0.02749457684151599,0.0405113659799099,0.03733203187584877,0.015891609713435173,0.013673549517989159,0.06845805837235269,0.004210744090810903
035,0.2775369882583618,0.26936858892440796,0.0639553889632225,18.41407585144043,-0.008168402127921581,0.11975350975990295,0.07402137666940689,0.04590137001305209,0.04455345496535301,0.05001148208975792,0.01192410197108984,0.014686595648527145,0.10689326798161146,0.011482188004855742
036,0.595417320728302,0.5928412079811096,0.08624286949634552,16.050260543823242,-0.0025761574506759644,0.15755382180213928,0.07902021706104279,0.11526911948594847,0.052631232887506485,0.056077275425195694,0.012481477111577988,0.01615937426686287,0.003866947788598741,0.06568639083858915
037,0.4781392216682434,0.48259684443473816,0.05814123898744583,19.38212013244629,0.004457607865333557,0.10728015750646591,0.07431535422801971,0.024725951752904776,0.019430117681622505,0.026959652081131935,0.009685286320745945,0.014302503317594528,0.0016185808210342487,0.013596687385718153
038,0.3461940884590149,0.343415230512619,0.027132589370012283,26.425640106201172,-0.0027788931038230658,0.04764094948768616,0.044037215411663055,0.00046853655345728253,0.052872590720653534,0.07770402729511261,0.006389634218066931,0.010169468820095062,0.005114350301049948,0.012045040358034945
039,0.43890589475631714,0.43775397539138794,0.07461462169885635,17.47563934326172,-0.0011519622057676315,0.1337217092514038,0.07946638017892838,0.06246748386743458,0.018309807404875755,0.01309955958276987,0.013302145525813103,0.011401597410440445,0.00910908078604613,0.0049409309273677066
040,0.3603403866291046,0.3639407455921173,0.06298636645078659,18.23672866821289,0.0036003824789077044,0.12245485931634903,0.07336259633302689,0.051024847649558995,0.04848404973745346,0.053853318095207214,0.013064805418252945,0.014880521222949028,0.08799664114055183,0.019346908723602986
041,0.34727412462234497,0.3527873456478119,0.053296200931072235,19.924827575683594,0.005513230338692665,0.1007184386253357,0.06913698464632034,0.023140837828546045,0.04958651587367058,0.05320005118846893,0.011755011975765228,0.012951341457664967,0.01705290507875369,0.015802460121150167
042,0.39564475417137146,0.3975014090538025,0.06880049407482147,17.728744506835938,0.0018566978396847844,0.1298728883266449,0.07725314795970917,0.06030126291898273,0.03757591173052788,0.03436807915568352,0.01409983355551958,0.014334114268422127,0.03309876081208946,0.014935363252738962
043,0.5217850804328918,0.5131487250328064,0.0862429141998291,16.133197784423828,-0.008636373095214367,0.15583831071853638,0.08036673814058304,0.11101273871785276,0.0331781841814518,0.02734110690653324,0.013830260373651981,0.011980123817920685,0.014089563500393996,0.01839462339092682
044,0.1720782220363617,0.19051140546798706,0.05135813727974892,19.446054458618164,0.01843319647014141,0.10497923195362091,0.06982303410768509,0.02955431220963664,0.07668663561344147,0.07844534516334534,0.014606870710849762,0.015575709752738476,0.12771272015893734,0.006428686606852195
045,0.4607352018356323,0.4696204960346222,0.06492436677217484,20.647924423217773,0.008885328657925129,0.09238561987876892,0.06959111243486404,0.010873698974391739,0.03314664587378502,0.039272379130125046,0.011351172812283039,0.012987075373530388,0.013903974346102476,0.017691818560740896
046,0.3128964900970459,0.31542566418647766,0.06976952403783798,18.170656204223633,0.0025292132049798965,0.12341730296611786,0.07565867900848389,0.048831244694736264,0.03350939229130745,0.029322655871510506,0.013346589170396328,0.011314752511680126,0.08197564218411052,0.009711484926205494
047,0.46015435457229614,0.46379461884498596,0.03294667229056358,24.83045196533203,0.0036402808036655188,0.057226937264204025,0.05304429307579994,0.0005141732307420828,0.01804940402507782,0.024102184921503067,0.00600980781018734,0.007805173750966787,0.0033314774417904183,0.008926534076906929
048,0.23281706869602203,0.254374235868454,0.05911029875278473,18.402408599853516,0.02155718021094799,0.11824412643909454,0.07517094910144806,0.04629080299254905,0.024631435051560402,0.0250450000166893,0.011898643337190151,0.01262708380818367,0.046585920172324095,0.004752299327923866
049,0.567430853843689,0.5634364485740662,0.07461462169885635,17.011632919311523,-0.00399435730651021,0.1410081386566162,0.07714910805225372,0.08223729246721005,0.09416577219963074,0.09618166834115982,0.015355372801423073,0.02509984001517296,0.0008701393135635248,0.061749466811487054
050,0.25642073154449463,0.2673749029636383,0.05038904771208763,20.522354125976562,0.01095417607575655,0.09352412074804306,0.0693192407488823,0.014062181494023116,0.029653586447238922,0.03783627972006798,0.01107237208634615,0.013453114777803421,0.03432182376332211,0.005421637261434269
051,0.21296443045139313,0.20658734440803528,0.029070641845464706,24.748018264770508,-0.006377079524099827,0.05753708630800247,0.051365289837121964,0.0008823090941728048,0.019758135080337524,0.015509706921875477,0.007252531126141548,0.006199458613991737,0.027019955397754068,0.00028294739916576156
052,0.3293105363845825,0.349406361579895,0.07849065959453583,16.994016647338867,0.020095819607377052,0.13991530239582062,0.07880263030529022,0.07976378455837388,0.023046324029564857,0.02600725367665291,0.012255731038749218,0.01294335350394249,0.03775065944998676,0.011141434147795901
053,0.4242441654205322,0.43661099672317505,0.08624288439750671,17.07547950744629,0.012366820126771927,0.1394844353199005,0.0784803256392479,0.07760669094537898,0.024908753111958504,0.024362515658140182,0.011649813503026962,0.011425294913351536,0.026606182857038543,0.021251479388955316
054,0.46701785922050476,0.47005495429039,0.03682279959321022,22.962390899658203,0.0030370824970304966,0.07103689014911652,0.060751188546419144,0.001685514614385289,0.018222713842988014,0.02403474971652031,0.00828416459262371,0.00913486909121275,0.00923990592759589,0.007085854759753318
055,0.3274022042751312,0.321152001619339,0.06104832515120506,19.13983917236328,-0.006250208709388971,0.110232874751091,0.07169787585735321,0.03423055040875251,0.0814654678106308,0.08175359666347504,0.01829119212925434,0.013251782394945621,0.0703595865925527,0.015641210528077206
056,0.48756399750709534,0.4860628545284271,0.06492438912391663,19.002166748046875,-0.0015011318027973175,0.11216383427381516,0.07499126344919205,0.030506597542312806,0.01848715916275978,0.0180000402033329,0.009959441609680653,0.009435915388166904,0.006562554193554276,0.008153753008217645
057,0.22059817612171173,0.22977732121944427,0.062017351388931274,18.528554916381836,0.009179111570119858,0.11810396611690521,0.07418413460254669,0.042691590377354476,0.043654680252075195,0.05067319795489311,0.012560867704451084,0.01433588843792677,0.09029672967570578,0.005333406352016989
058,0.3601923882961273,0.3912184238433838,0.07558365166187286,17.088603973388672,0.03102601319551468,0.1363343894481659,0.07583100348711014,0.07976986944867852,0.053157757967710495,0.047953180968761444,0.013288849964737892,0.013312205672264099,0.019349951168755306,0.0258546989044155
059,0.3673497438430786,0.3650449812412262,0.03100867196917534,25.008895874023438,-0.002304747933521867,0.056129276752471924,0.05164593085646629,0.0006449983722918435,0.03995409980416298,0.03887464478611946,0.008784293197095394,0.00842435471713543,0.0019349951168755304,0.0048679122437120265
060,0.44146448373794556,0.4426092505455017,0.0358537882566452,23.423606872558594,0.0011447431752458215,0.06741507351398468,0.058722123503685,0.0013721427636963276,0.022853052243590355,0.0213650930672884,0.007141241803765297,0.006696114782243967,0.00730795325587268,0.009915328751410935
061,0.5655012130737305,0.5685495734214783,0.08042869716882706,18.3000431060791,0.003048388985916972,0.12157979607582092,0.0770871490240097,0.04358606925213656,0.02370711788535118,0.01710333302617073,0.011580574326217175,0.008628835901618004,0.0030850393844524967,0.035779154991283396
062,0.5434232354164124,0.5426374077796936,0.09496401250362396,16.359535217285156,-0.0007858478929847479,0.152060866355896,0.07893895357847214,0.10410943066723864,0.051439426839351654,0.050252705812454224,0.013783679343760014,0.012819906696677208,0.017484932290383136,0.06331328361977955
063,0.4941304624080658,0.48144128918647766,0.06201736629009247,17.750736236572266,-0.01268916204571724,0.12893477082252502,0.0711769089102745,0.06724108031142469,0.1924961805343628,0.19191700220108032,0.016558516770601273,0.023583244532346725,0.04014810623001494,0.0636722921477533
064,0.40683290362358093,0.4016623795032501,0.05911027267575264,19.152362823486328,-0.005170532502233982,0.11012952029705048,0.07312566041946411,0.02938697772625904,0.02487255446612835,0.0270506851375103,0.01099794078618288,0.012367756105959415,0.02750674662212527,0.007067600088839399
065,0.33620384335517883,0.33613261580467224,0.05620323121547699,18.14604949951172,-7.12536639184691e-05,0.12379339337348938,0.07191073149442673,0.0552203795146083,0.07680743932723999,0.07732662558555603,0.014557317830622196,0.015741515904664993,0.10465707079465625,0.03365857072011634
066,0.39875128865242004,0.39776352047920227,0.052327144891023636,20.261232376098633,-0.0009877750417217612,0.09703218936920166,0.07062748819589615,0.015041848833070161,0.025088438764214516,0.024699661880731583,0.0107437614351511,0.010399073362350464,0.014920151026977361,0.004950058262824667
067,0.13228420913219452,0.13618241250514984,0.025194549933075905,25.975027084350586,0.003898213617503643,0.05011163279414177,0.044060174375772476,0.000733229281709124,0.03345116227865219,0.04162180423736572,0.007583203725516796,0.00851756613701582,0.05270731981879197,0.0013356334218684873
068,0.10733839869499207,0.11261621117591858,0.040698885917663574,21.507091522216797,0.005277820862829685,0.08390501141548157,0.06414288282394409,0.009766248938947253,0.04965608939528465,0.050737448036670685,0.01223258301615715,0.012233935296535492,0.24072434534186435,0.001475585898875208
069,0.42870792746543884,0.43134915828704834,0.07461462169885635,17.13544464111328,0.0026412021834403276,0.13904310762882233,0.07590063661336899,0.07875977765810827,0.10202307254076004,0.10191444307565689,0.014126285910606384,0.01620316691696644,0.028878889385821598,0.04821667077396762
070,0.5526790618896484,0.545778751373291,0.06298632174730301,18.80082130432129,-0.006900267209857702,0.11459694802761078,0.07640325278043747,0.03364031604920242,0.02599393017590046,0.01945480704307556,0.012282172217965126,0.010071076452732086,0.004159022523221463,0.027162950319913108
071,0.2503329813480377,0.2583814561367035,0.039729874581098557,21.73992156982422,0.008048459887504578,0.08145053684711456,0.0619000606238842,0.009577617339503412,0.06605236232280731,0.07210947573184967,0.010719473473727703,0.012354936450719833,0.03974041857960406,0.02203643023825388
072,0.2615448832511902,0.26657834649086,0.06492441892623901,18.736804962158203,0.005033461842685938,0.11554417014122009,0.07372625917196274,0.039338815819497816,0.05213011056184769,0.0495094396173954,0.012552783824503422,0.012703625485301018,0.0624857385383485,0.008960000973582448
073,0.4813169240951538,0.48151475191116333,0.045544009655714035,23.05713653564453,0.00019779645663220435,0.07033012807369232,0.059400755912065506,0.0021357964969286516,0.041180599480867386,0.03866945952177048,0.008837358094751835,0.00885022059082985,0.010675940039490938,0.02199992089642604
074,0.6683719158172607,0.6603355407714844,0.09593307971954346,15.445789337158203,-0.008036438375711441,0.16874021291732788,0.08311036974191666,0.14863257302628977,0.009212258271872997,0.008130473084747791,0.011057369410991669,0.01071512047201395,2.433956121856013e-05,0.024455174134348293
075,0.313934862613678,0.3320907950401306,0.07073855400085449,17.681678771972656,0.018155919387936592,0.12932360172271729,0.07911905646324158,0.056029669925125425,0.01940668374300003,0.020360123366117477,0.013424510136246681,0.014202320948243141,0.010843274522868538,0.0006632530432057637
076,0.2193053960800171,0.22134752571582794,0.02907063066959381,25.26007843017578,0.0020421184599399567,0.05453706160187721,0.047433625906705856,0.0009948795648086453,0.03621095046401024,0.037944670766592026,0.007842403836548328,0.007945793680846691,0.030792587386630887,0.00558288685450723
077,0.3571261763572693,0.37383773922920227,0.08139778673648834,16.714998245239258,0.016711633652448654,0.14500564336776733,0.08040789514780045,0.08647237611923951,0.011824180372059345,0.013589151203632355,0.011133621446788311,0.011570336297154427,0.0071375763273427584,0.0008823090941728048
078,0.43402257561683655,0.43737372756004333,0.03391573578119278,24.036638259887695,0.0033511596266180277,0.06274071335792542,0.05576193332672119,0.0008579695329542446,0.02216591313481331,0.020140452310442924,0.007264601998031139,0.007360109128057957,0.002440041012160653,0.013082514154976072
079,0.2977464199066162,0.3047198951244354,0.05038910359144211,20.29427719116211,0.006973450072109699,0.0964168906211853,0.06734948605298996,0.01974851148370923,0.06718070060014725,0.06458962708711624,0.011913849040865898,0.010566690936684608,0.04798240249723898,0.017956511288992737
080,0.16199132800102234,0.16215817630290985,0.052327144891023636,19.94419288635254,0.0001668502954998985,0.10064443945884705,0.06921812146902084,0.02195732666429356,0.050137151032686234,0.045030057430267334,0.013117884285748005,0.011108705773949623,0.16028818040482776,0.0011591716030339263
081,0.5018559694290161,0.5020496249198914,0.07558363676071167,16.691972732543945,0.00019368056382518262,0.14635276794433594,0.07775332778692245,0.09165061776848818,0.05707193538546562,0.055074285715818405,0.014933976344764233,0.01372034102678299,0.03113334124369073,0.04968921422769051
082,0.4764896631240845,0.4871619939804077,0.07945974916219711,17.01046371459961,0.010672321543097496,0.1406794637441635,0.08020560443401337,0.07746978091352458,0.015994498506188393,0.020008239895105362,0.012125197798013687,0.014131841249763966,0.0005415552371129629,0.010548157343093497
083,0.4687923789024353,0.46509280800819397,0.030039673671126366,25.416446685791016,-0.003699581604450941,0.05347377061843872,0.04953523352742195,0.0004441969922387224,0.04202526435256004,0.05960812419652939,0.007529004476964474,0.009998525492846966,0.0036418068473270597,0.012276266189611267
084,0.4719374477863312,0.47827431559562683,0.07558363676071167,17.277019500732422,0.006336889695376158,0.1366730034351349,0.07813393324613571,0.07198729474904392,0.06649848073720932,0.05732949823141098,0.016611916944384575,0.0128425732254982,0.006839416702415398,0.028328206813251672
085,0.32412201166152954,0.3401941955089569,0.07170755416154861,17.739444732666016,0.01607217639684677,0.1287267655134201,0.07524952292442322,0.06052031896994977,0.04803797975182533,0.040914855897426605,0.014062979258596897,0.012382324784994125,0.04896511228143834,0.01837941116516522
086,0.3230716288089752,0.3388555347919464,0.06589342653751373,18.062238693237305,0.015783926472067833,0.12399309873580933,0.07536051422357559,0.05248217887752028,0.06538677960634232,0.06321670860052109,0.014239716343581676,0.013089384883642197,0.04107300955632023,0.020956362209180273
087,0.4852053225040436,0.48248520493507385,0.0775216817855835,18.470218658447266,-0.002720113145187497,0.11922739446163177,0.0761311799287796,0.03953657475439862,0.021916352212429047,0.018182862550020218,0.011385006830096245,0.01056827325373888,0.011180985934776061,0.012029828132273346
088,0.45474353432655334,0.45337700843811035,0.06976952403783798,17.612642288208008,-0.0013665086589753628,0.13162684440612793,0.07765671610832214,0.061408712954427215,0.037997011095285416,0.028509480878710747,0.015576575882732868,0.011679395101964474,0.02942348706808688,0.026438848373660943
089,0.3251199722290039,0.33399486541748047,0.03876084089279175,22.126583099365234,0.008874919265508652,0.07777891308069229,0.05906732752919197,0.008266323478853485,0.14105373620986938,0.1370590478181839,0.012183777056634426,0.017416367307305336,0.038559949860503887,0.048076718296960905
090,0.47777920961380005,0.47995689511299133,0.029070641845464706,27.263669967651367,0.0021776268258690834,0.04327802360057831,0.0412360355257988,0.0004441969922387224,0.047533970326185226,0.02671240083873272,0.008648071438074112,0.006375410594046116,0.0024339561218560133,0.005275599894122909
091,0.4860398769378662,0.4565124809741974,0.07267662137746811,16.967472076416016,-0.02952739968895912,0.1386750191450119,0.07597655802965164,0.08415403291317165,0.06768468022346497,0.06794089823961258,0.020426908507943153,0.013637236319482327,0.03866643544083509,0.027725802673092312
092,0.26569879055023193,0.26977500319480896,0.048451028764247894,21.144990921020508,0.004076196346431971,0.08755487948656082,0.06879419088363647,0.007575688429276841,0.03334978222846985,0.033614739775657654,0.013036947697401047,0.012845137156546116,0.02408399582576525,0.0017737455238025696
093,0.6985034942626953,0.6813628673553467,0.08818100392818451,15.78828239440918,-0.01714063622057438,0.16149285435676575,0.08289460092782974,0.1219624988210525,0.02199409157037735,0.019405703991651535,0.011941442266106606,0.011297340504825115,0.0007910357396032044,0.06451809190009827
094,0.44097384810447693,0.4214358329772949,0.07945974916219711,16.94314193725586,-0.019538002088665962,0.14083263278007507,0.07836160063743591,0.08165010055281229,0.02673378773033619,0.026267025619745255,0.012854800559580326,0.012248373590409756,0.03208866902151922,0.010773298284365178
095,0.17916686832904816,0.1798197329044342,0.023256506770849228,26.832504272460938,0.0006528723170049489,0.045533400028944016,0.04046880453824997,0.000556767462874563,0.0502401664853096,0.030569877475500107,0.008117258548736572,0.005874738562852144,0.04341873476875895,0.003517066596081939
096,0.6187551617622375,0.6210125684738159,0.0775216817855835,17.368850708007812,0.0022574157919734716,0.13536210358142853,0.08000890165567398,0.06793171536100133,0.007534652948379517,0.011159637942910194,0.009578101336956024,0.011176707223057747,6.084890304640033e-05,0.005345576132626269
097,0.7047674059867859,0.6934534311294556,0.061048347502946854,19.186176300048828,-0.011314000003039837,0.10923812538385391,0.07943004369735718,0.024741163978666374,0.014651859179139137,0.015355012379586697,0.011415611021220684,0.010989077389240265,7.606112880800041e-05,0.043662130380944554
098,0.5623530149459839,0.578364372253418,0.09496407955884933,15.492005348205566,0.016011400148272514,0.16727042198181152,0.08259207755327225,0.14171709519506637,0.006496537942439318,0.0068008857779204845,0.00993096362799406,0.010142638348042965,0.00019167404459616104,0.013532796037519433
099,0.1702580749988556,0.17438265681266785,0.01550433598458767,28.82331085205078,0.0041245874017477036,0.03597481548786163,0.030847201123833656,0.0005293854565036829,0.03002118691802025,0.07203195244073868,0.005258109420537949,0.008125166408717632,0.03816138954554997,0.0002403531670332813
100,0.3940929174423218,0.3923666775226593,0.06492441147565842,18.025177001953125,-0.001726224785670638,0.12551629543304443,0.07803966850042343,0.050817961379201235,0.02404189109802246,0.02226797305047512,0.013389845378696918,0.01285633910447359,0.03852648296382837,0.01285433076855207
101,0.34891802072525024,0.3493085205554962,0.028101610019803047,25.964141845703125,0.00039048786857165396,0.050324540585279465,0.04642900452017784,0.0005141732307420828,0.013445516116917133,0.019046295434236526,0.005445515271276236,0.006308692041784525,0.006294819020150114,0.0015151376858553683
102,0.5763105154037476,0.5680578947067261,0.06686244904994965,18.801767349243164,-0.00825256947427988,0.11449498683214188,0.07521813362836838,0.03397498501595762,0.025009680539369583,0.027675693854689598,0.010723675601184368,0.011769725009799004,0.006495620400203236,0.02717512010052239
103,0.23610903322696686,0.23579487204551697,0.019380420446395874,28.9937686920166,-0.0003141618799418211,0.03550541028380394,0.030870022252202034,0.0005111307855897628,0.07099394500255585,0.0686355009675026,0.0072900354862213135,0.006975631229579449,0.03538972201178643,0.0052999394553414686
104,0.21632103621959686,0.259663850069046,0.05523419752717018,18.715545654296875,0.04334279149770737,0.10753059387207031,0.07126810401678085,0.03609556928712468,0.04240569844841957,0.048934753984212875,0.013917580246925354,0.015393630601465702,0.04310232047291768,0.0026773517340416145
105,0.4922456443309784,0.4823145270347595,0.06686242669820786,19.44198989868164,-0.009931103326380253,0.10617174208164215,0.07464626431465149,0.02163178503299532,0.018147561699151993,0.024686381220817566,0.010241945274174213,0.012343879789113998,0.0009614126681331252,0.005436849487195869
106,0.2754611670970917,0.2779577076435089,0.024225547909736633,27.23053741455078,0.002496524481102824,0.04342668130993843,0.03947890177369118,0.0005172156758944029,0.026298368349671364,0.04172450304031372,0.005921176169067621,0.007841236889362335,0.01656002896407785,0.0019076131105046504
107,0.361516535282135,0.3761996030807495,0.07461462169885635,17.15705680847168,0.014683063142001629,0.1379433274269104,0.0781405046582222,0.07497193344346985,0.030936812981963158,0.029651260003447533,0.01261204108595848,0.01218345295637846,0.02729681790661519,0.01635618513887241
108,0.5105902552604675,0.5223067998886108,0.059110283851623535,19.44232749938965,0.011716507375240326,0.1059853807091713,0.07271987199783325,0.02541962924763374,0.04520099237561226,0.04287555441260338,0.012544749304652214,0.01232063863426447,0.006261352123474594,0.04002640842392214
109,0.5757612586021423,0.5766735076904297,0.06201734393835068,18.957853317260742,0.000912254792638123,0.11274392157793045,0.07483991980552673,0.03174791516445937,0.04195110499858856,0.039843399077653885,0.013335897587239742,0.01123534981161356,0.002187518064518092,0.022885272435751166
110,0.3036823272705078,0.3166331648826599,0.0707385316491127,17.602577209472656,0.012950831092894077,0.13114868104457855,0.07744188606739044,0.06221800336494434,0.035182420164346695,0.03153316304087639,0.014266254380345345,0.012425148859620094,0.058430159150305916,0.007648707112932521
111,0.32531601190567017,0.33765068650245667,0.06976956129074097,17.618762969970703,0.01233468297868967,0.13096162676811218,0.0776645615696907,0.06031039025443969,0.034097377210855484,0.0392991304397583,0.013392088003456593,0.01446967851370573,0.031942631654207854,0.011895960545571264
112,0.24198544025421143,0.24978800117969513,0.059110283851623535,18.87729263305664,0.0078025683760643005,0.11353039741516113,0.073047935962677,0.036034720384078275,0.041991882026195526,0.04266549274325371,0.012804165482521057,0.012141703628003597,0.08991338158651345,0.005579844409354911
113,0.4120866060256958,0.40988174080848694,0.03682275488972664,23.568782806396484,-0.002204854041337967,0.06627055257558823,0.0584321990609169,0.0011561291578816063,0.030772576108574867,0.03342174366116524,0.008695818483829498,0.00944184884428978,0.003316265216028818,0.005698499770295391
114,0.5712099671363831,0.5674567222595215,0.04360594600439072,25.661298751831055,-0.0037532777059823275,0.051976338028907776,0.04953882470726967,0.00041377254071552224,0.03938969597220421,0.034042343497276306,0.0078730508685112,0.007366488687694073,0.00184980665261057,0.011421339101809341
115,0.13952164351940155,0.13835835456848145,0.03488476201891899,23.140790939331055,-0.0011632880195975304,0.06964660435914993,0.057612981647253036,0.003961263588320662,0.03161462023854256,0.03508784621953964,0.009795584715902805,0.009816953912377357,0.09362516467234387,0.0019136980008092905
116,0.5750216245651245,0.570984959602356,0.06492441147565842,18.346025466918945,-0.004036671947687864,0.12090849131345749,0.07559775561094284,0.04453835458481272,0.036375947296619415,0.03660864010453224,0.010699625127017498,0.011146362870931625,0.0032645436484393777,0.02370673262687757
117,0.21951845288276672,0.25325143337249756,0.05135815963149071,19.503995895385742,0.03373298421502113,0.10035912692546844,0.06843148171901703,0.02560217595677294,0.10257679969072342,0.1076069176197052,0.01446843333542347,0.017152098938822746,0.05285944207640797,0.022258528734373242
118,0.4185500144958496,0.4246511459350586,0.05523419752717018,19.536842346191406,0.006101107224822044,0.1053004190325737,0.07152310758829117,0.025799934891673742,0.03843405842781067,0.03262011706829071,0.011063533835113049,0.00971087347716093,0.01295473145857863,0.020907683086743154
119,0.24224521219730377,0.24022306501865387,0.0426369346678257,21.956012725830078,-0.0020221380982548,0.0798104926943779,0.06334629654884338,0.006112272311010913,0.05241146311163902,0.055578168481588364,0.012294392101466656,0.012794188223779202,0.07880237189024075,0.00368440107945954
120,0.40619394183158875,0.40421754121780396,0.08236681669950485,16.878013610839844,-0.0019763812888413668,0.14323790371418,0.07891722023487091,0.08423313648713197,0.027434900403022766,0.02380811981856823,0.013776682317256927,0.012275055050849915,0.026581843295819984,0.008132455892151405
121,0.3082849681377411,0.3138197958469391,0.06201735511422157,18.020103454589844,0.00553484633564949,0.12547947466373444,0.07541687786579132,0.05203493944012924,0.046464595943689346,0.04812624678015709,0.014728453941643238,0.015118570998311043,0.051678973357307804,0.005172156758944028
122,0.20513232052326202,0.21861428022384644,0.039729874581098557,22.24125862121582,0.013481968082487583,0.07607141882181168,0.061662737280130386,0.004934846037063067,0.045445095747709274,0.03479483723640442,0.011793847195804119,0.01024568360298872,0.04875518356592826,0.006367837703805794
123,0.4318733215332031,0.4372737407684326,0.05814127251505852,19.444965362548828,0.005400419235229492,0.10646176338195801,0.07377566397190094,0.02375845419446701,0.03133760392665863,0.03538030385971069,0.01064950693398714,0.012726692482829094,0.003985603149539222,0.021789992180915957
124,0.3102622926235199,0.30878543853759766,0.05426517874002457,20.181262969970703,-0.001476858975365758,0.0979236364364624,0.07273971289396286,0.013170745064393351,0.012425152584910393,0.020129283890128136,0.00899397674947977,0.011419386602938175,0.013925271462168716,0.0018102548656304099
125,0.616216778755188,0.598285973072052,0.05523424223065376,19.82249641418457,-0.01793080009520054,0.10047722607851028,0.06969756633043289,0.022605367481737724,0.07503490895032883,0.07700318098068237,0.010939231142401695,0.013992154970765114,0.0028507711077238557,0.0632311376006669
126,0.3233373463153839,0.3300440013408661,0.046513013541698456,20.43466567993164,0.006706675048917532,0.09488213807344437,0.06817994266748428,0.017235451787892892,0.06463201344013214,0.05721873417496681,0.0167407114058733,0.0123288007453084,0.01600326150120329,0.023110413377022847
127,0.1445537805557251,0.16367214918136597,0.04748203605413437,20.13347816467285,0.019118381664156914,0.09660132229328156,0.0654444545507431,0.022915696887274364,0.0810578241944313,0.09081463515758514,0.011394412256777287,0.012228863313794136,0.18361460738766533,0.011488272895160382
128,0.515214741230011,0.4917123019695282,0.07752168923616409,16.770174026489258,-0.023502448573708534,0.14312435686588287,0.0808439627289772,0.0840688444489067,0.022501446306705475,0.02331571839749813,0.012141386047005653,0.013627893291413784,0.037814550798185485,0.019885421515563627
129,0.4433218240737915,0.4599595069885254,0.07073857635259628,17.113449096679688,0.016637710854411125,0.13842450082302094,0.0756969302892685,0.08218252845446829,0.02798907458782196,0.02573605440557003,0.013533308170735836,0.01636776141822338,0.0589595446068096,0.010529902672179577
130,0.2593051791191101,0.26658135652542114,0.06298636645078659,18.203718185424805,0.007276203017681837,0.12275879085063934,0.07580950856208801,0.04930586613849819,0.026398060843348503,0.023152673617005348,0.012579329311847687,0.013513291254639626,0.05754480761098079,0.000374220753735362
131,0.4300764501094818,0.4231898784637451,0.06783147156238556,17.753799438476562,-0.00688653951510787,0.12932878732681274,0.075708769261837,0.0627899830535805,0.04582397639751434,0.045152369886636734,0.015271726995706558,0.014873279258608818,0.034044961254460986,0.01851632119701962
132,0.46449020504951477,0.4591658413410187,0.06880051642656326,17.79184341430664,-0.005324372090399265,0.1288360208272934,0.0776185616850853,0.056899809238688946,0.03950837627053261,0.04264659807085991,0.01304615568369627,0.015088289976119995,0.017338894923071776,0.017819601257138336
133,0.1748940497636795,0.1841423213481903,0.03876085206866264,21.777942657470703,0.0092482790350914,0.08096324652433395,0.06335095316171646,0.006936774947289638,0.02647249959409237,0.036238379776477814,0.010102403350174427,0.011726651340723038,0.08187828393923628,0.001128747151510726
134,0.44066983461380005,0.43591853976249695,0.07267658412456512,17.106870651245117,-0.00475128460675478,0.139445498585701,0.07845813781023026,0.07647794379386826,0.043500494211912155,0.03822120279073715,0.014470826834440231,0.012387605383992195,0.02751283151242991,0.02607375495538254
135,0.5003640055656433,0.4856139123439789,0.08042865991592407,16.78325080871582,-0.014750092290341854,0.1440698802471161,0.07943089306354523,0.08794796201811472,0.02537558227777481,0.026281623169779778,0.012111696414649487,0.013166743330657482,0.022946121338797566,0.015288286890408084
136,0.3134037256240845,0.3117894232273102,0.05232717841863632,20.201671600341797,-0.0016143044922500849,0.09769158810377121,0.06980951875448227,0.01819077956572138,0.02785663492977619,0.0251365527510643,0.010757197625935078,0.009341488592326641,0.019416884962106345,0.006687294444799396
137,0.5535081624984741,0.5488811135292053,0.09108799695968628,15.677098274230957,-0.0046270135790109634,0.1644270271062851,0.08202987909317017,0.1327692640020932,0.014998638071119785,0.016245190054178238,0.011052836664021015,0.012041042558848858,0.009565447558894132,0.01645962827405129
138,0.25306767225265503,0.2737758159637451,0.06298637390136719,18.702373504638672,0.020708147436380386,0.11425160616636276,0.0749136209487915,0.036904859697641804,0.027646368369460106,0.027041921392083168,0.012408274225890636,0.012121673673391342,0.03133110017859153,0.0032036947453929774
139,0.13819442689418793,0.1566629856824875,0.0426369309425354,20.440353393554688,0.01846856065094471,0.09324520826339722,0.06284645944833755,0.02040567963661035,0.09795408695936203,0.097280353307724,0.01296424213796854,0.01296002697199583,0.1723788574401475,0.007572645984124521
140,0.3511402904987335,0.36293426156044006,0.05814123898744583,19.480682373046875,0.011793956160545349,0.10550406575202942,0.07239150255918503,0.02565085507921006,0.03153586387634277,0.03098670393228531,0.012484550476074219,0.012054065242409706,0.01664825987349513,0.012066337474101185
141,0.5463393926620483,0.5550146102905273,0.07170755416154861,18.24587059020996,0.00867517665028572,0.12207101285457611,0.0779748260974884,0.04292585865408311,0.016773542389273643,0.014281874522566795,0.011555478908121586,0.010891076177358627,0.0003133718506889617,0.010773298284365178
142,0.497691810131073,0.49149370193481445,0.0804288312792778,16.540668487548828,-0.006198125425726175,0.14879561960697174,0.07935009896755219,0.09696272700443893,0.02922710031270981,0.028346452862024307,0.01190414372831583,0.011160760186612606,0.019751553928861548,0.022602325036585404
143,0.37342706322669983,0.3897961378097534,0.054265182465314865,21.235107421875,0.016369102522730827,0.08518658578395844,0.06722937524318695,0.00733533526224356,0.03481627255678177,0.026447193697094917,0.013692579232156277,0.012042810209095478,0.004624516631526425,0.004137725407155223
144,0.2388884276151657,0.2442537546157837,0.0426369346678257,22.003211975097656,0.005365329794585705,0.07922197878360748,0.06503454595804214,0.004895294250082906,0.026498742401599884,0.03600310534238815,0.010715005919337273,0.01274046115577221,0.02392274623269229,0.0026864790694985747
145,0.4677557349205017,0.4745618999004364,0.04942009225487709,21.422142028808594,0.0068061938509345055,0.08462382853031158,0.06733701378107071,0.005902343595500832,0.04477740451693535,0.04311353340744972,0.01379635464400053,0.012903121300041676,0.011646480043081024,0.013605814721175113
146,0.5518419146537781,0.5559556484222412,0.06589342653751373,18.798011779785156,0.004113770090043545,0.11476793140172958,0.0742405578494072,0.03686530791066164,0.04649797081947327,0.04258609563112259,0.011982200667262077,0.010111645795404911,0.006383049929567394,0.0581989333187296
147,0.3983781933784485,0.40951621532440186,0.059110283851623535,19.539779663085938,0.011138060130178928,0.10485143214464188,0.07463780790567398,0.020536504778160113,0.021133020520210266,0.017588676884770393,0.012891952879726887,0.011827119626104832,0.0015881563695110486,0.002406574115485133
148,0.2396247386932373,0.2597930133342743,0.051358114928007126,20.715259552001953,0.020168280228972435,0.08985969424247742,0.06663968414068222,0.013794446320618955,0.0338912233710289,0.023678995668888092,0.013149010948836803,0.010525139048695564,0.020627778132729712,0.0036570190730886598
149,0.3545752465724945,0.35229891538619995,0.02325650490820408,26.86021614074707,-0.0022763663437217474,0.04533592239022255,0.04198697209358215,0.0004168149858678423,0.027576813474297523,0.04718382656574249,0.006596648134291172,0.008894594386219978,0.008448870187992686,0.002385276999418893
150,0.63210529088974,0.6329209804534912,0.08624282479286194,16.32848358154297,0.000815662438981235,0.15260529518127441,0.08035851269960403,0.10465098590435161,0.03735625743865967,0.03813834488391876,0.011404760181903839,0.01118913758546114,0.002583035934319694,0.07095590584240742
151,0.29748332500457764,0.29841017723083496,0.019380422309041023,28.01025390625,0.0009268688736483455,0.03975294157862663,0.03528936952352524,0.00046549410830496254,0.11956058442592621,0.06983252614736557,0.009848221205174923,0.005574342329055071,0.007566561093819881,0.030260159484974885
152,0.5226582288742065,0.5216830968856812,0.0784907117486,16.669414520263672,-0.0009751080069690943,0.1467302441596985,0.07793674618005753,0.09284629871334994,0.06749233603477478,0.05791245028376579,0.012317261658608913,0.022586170583963394,0.017725285457416418,0.07133621148644743
153,0.36076050996780396,0.3543667793273926,0.051358114928007126,20.38215446472168,-0.006393692456185818,0.09548185020685196,0.06809815764427185,0.016815594356872732,0.02864091657102108,0.028529034927487373,0.011786974035203457,0.011277662590146065,0.032569375355585774,0.003967348478625302
154,0.60915207862854,0.6187428832054138,0.08818092197179794,16.10457992553711,0.009590841829776764,0.15629851818084717,0.08058125525712967,0.11422251835355038,0.03131096065044403,0.028337007388472557,0.013053041882812977,0.01169129740446806,0.004159022523221463,0.0741139639105156
155,0.12034767121076584,0.14188793301582336,0.0426369309425354,20.560382843017578,0.021540267392992973,0.09124400466680527,0.06402727216482162,0.01703160796268745,0.07603484392166138,0.07955256849527359,0.011900932528078556,0.013936278410255909,0.17655613463428288,0.0021357964969286516
156,0.2871941030025482,0.3099653720855713,0.07170755416154861,17.587081909179688,0.022771257907152176,0.13004325330257416,0.07774603366851807,0.06251007809956706,0.02235804870724678,0.028401585295796394,0.013394561596214771,0.014566206373274326,0.041328574949115106,0.010408204866086776
157,0.4907899796962738,0.48615241050720215,0.05135812610387802,20.104429244995117,-0.004637559410184622,0.09869600087404251,0.0715440958738327,0.01667564187986601,0.04344027116894722,0.0419645756483078,0.01287652924656868,0.012085710652172565,0.0111262219220343,0.017685733670436257
158,0.34263673424720764,0.33723166584968567,0.05426517874002457,19.62899398803711,-0.005405100528150797,0.10422383248806,0.07147553563117981,0.023137795383393726,0.02465098164975643,0.016648253425955772,0.012001929804682732,0.008841601200401783,0.029015799417675996,0.0028386013271145755
159,0.30025148391723633,0.310914009809494,0.05523417517542839,20.071216583251953,0.010662540793418884,0.09860866516828537,0.06817027181386948,0.021826501522743798,0.04572590813040733,0.043538570404052734,0.012900845147669315,0.01075680460780859,0.04254859545519543,0.017287173355482334
160,0.46053382754325867,0.4665940999984741,0.05426517874002457,19.9559383392334,0.00606033718213439,0.10032568126916885,0.0726076140999794,0.016912952601746974,0.029325056821107864,0.023605741560459137,0.011590920388698578,0.0101548470556736,0.002370064773657293,0.01474064676299048
161,0.23291534185409546,0.24427875876426697,0.0639553889632225,18.56914520263672,0.011363407596945763,0.11735899746417999,0.07709843665361404,0.036077314616210755,0.017292445525527,0.01895994320511818,0.012341327965259552,0.01216401532292366,0.05353790734537533,0.0004624516631526425
162,0.5599832534790039,0.5502404570579529,0.06298641115427017,18.56570053100586,-0.009742789901793003,0.11755155771970749,0.07641623169183731,0.035566183830621,0.01369875855743885,0.01674979366362095,0.010611329227685928,0.01205589808523655,0.004861827353407387,0.008205474575807085
163,0.5536379218101501,0.5463375449180603,0.08818091452121735,16.939619064331055,-0.007300391793251038,0.14205163717269897,0.07956355065107346,0.0813641107084942,0.035501878708601,0.02878614328801632,0.014283477328717709,0.010854018852114677,0.009738866932576373,0.02363675638837421
164,0.40660813450813293,0.4255255162715912,0.07364558428525925,17.241361618041992,0.018917381763458252,0.13607396185398102,0.07866501808166504,0.07162524377591784,0.026609988883137703,0.031414639204740524,0.012337748892605305,0.014988943934440613,0.008695308245330607,0.01665434476379977
165,0.3524046242237091,0.35242587327957153,0.03682279959321022,26.999433517456055,2.124586171703413e-05,0.04467127472162247,0.0417364239692688,0.00048679122437120264,0.031720418483018875,0.040939830243587494,0.006564798299223185,0.007444269023835659,0.01286954299431367,0.002960299133207376
166,0.2752017080783844,0.28201133012771606,0.06298641115427017,18.401992797851562,0.006809642072767019,0.12000579386949539,0.07490408420562744,0.045235074524694004,0.04595249891281128,0.04644152522087097,0.013115212321281433,0.014061941765248775,0.08373113303699918,0.00926120304366213
167,0.2563984990119934,0.2912193238735199,0.059110283851623535,18.910907745361328,0.03482085466384888,0.10787810385227203,0.0734657496213913,0.03126112394008817,0.03244701027870178,0.025945274159312248,0.013989939354360104,0.012933382764458656,0.019928015747696107,0.0020901598196438513
168,0.6422795057296753,0.6622888445854187,0.08818086981773376,16.364425659179688,0.02000930905342102,0.15065430104732513,0.08178436011075974,0.10161158319718391,0.016351250931620598,0.014220996759831905,0.012102700769901276,0.010955044999718666,8.518846426496046e-05,0.0513899410678374
169,0.1736777126789093,0.21058088541030884,0.056203264743089676,18.493083953857422,0.036903172731399536,0.1130753830075264,0.07149304449558258,0.04262161413885111,0.055320028215646744,0.045940183103084564,0.014432764612138271,0.012466550804674625,0.07574167206700681,0.003946051362559062
170,0.5092935562133789,0.5105201601982117,0.05426517874002457,20.339786529541016,0.0012266007252037525,0.09615577012300491,0.07332216948270798,0.010189148815119736,0.015270024538040161,0.02218513749539852,0.010623774491250515,0.012761887162923813,0.0005020034501328028,0.00026469272825184145
171,0.41301870346069336,0.4108324348926544,0.0717075988650322,17.306406021118164,-0.0021862389985471964,0.1363402009010315,0.07851792126893997,0.07037175637316198,0.028799492865800858,0.025383196771144867,0.013010213151574135,0.012617579661309719,0.040586218331949024,0.017591417870714336
172,0.1545805037021637,0.17026770114898682,0.04651302099227905,20.29911994934082,0.01568719930946827,0.09533281624317169,0.0669429749250412,0.019146107343549865,0.05730961635708809,0.06443597376346588,0.013627017848193645,0.014108197763562202,0.1280717286869111,0.0036235521764131397
173,0.33449023962020874,0.34258151054382324,0.04651303216814995,21.491458892822266,0.008091236464679241,0.08383273333311081,0.06595548987388611,0.00728969858495876,0.056626785546541214,0.056610677391290665,0.013711346313357353,0.013849501498043537,0.015632083192620244,0.01091629320652422
174,0.4740641415119171,0.4825429618358612,0.05232713371515274,23.343305587768555,0.008478783071041107,0.06752075999975204,0.05921729654073715,0.0012139356157756867,0.01390918716788292,0.012581036426126957,0.006125438492745161,0.005662425886839628,0.0010192191260272056,0.00895391608327781
175,0.4024147093296051,0.41351908445358276,0.057172250002622604,19.768985748291016,0.011104383505880833,0.10209321975708008,0.07355246692895889,0.01845851473912554,0.016325056552886963,0.011536339297890663,0.011239828541874886,0.00912449136376381,0.0013295485315638473,0.0008518846426496047
176,0.22800655663013458,0.22954583168029785,0.023256516084074974,27.618621826171875,0.0015392948407679796,0.04156917333602905,0.037428684532642365,0.0005111307855897628,0.03618665039539337,0.022524073719978333,0.006434965878725052,0.00496308458968997,0.014548972718394318,0.0028051344304390554
177,0.3507996201515198,0.3668627440929413,0.08236678689718246,17.251893997192383,0.016063112765550613,0.13627271354198456,0.07765747606754303,0.07347200798337608,0.025723757222294807,0.026472076773643494,0.0118459677323699,0.011428801342844963,0.029855514279716323,0.00927337282427141
178,0.28102347254753113,0.29880771040916443,0.05038910359144211,20.783720016479492,0.017784273251891136,0.08962474763393402,0.06766504049301147,0.011664734713994944,0.03433457762002945,0.03254279866814613,0.009958503767848015,0.009988541714847088,0.02527359188032238,0.009973135209305014
179,0.42432165145874023,0.4269748032093048,0.05717223882675171,19.378665924072266,0.0026531291659921408,0.10738267004489899,0.07415572553873062,0.024531235263156294,0.01744721084833145,0.01978430524468422,0.012159298174083233,0.012716430239379406,0.0033831990093798584,0.0011835111642524863
180,0.2391761839389801,0.25452885031700134,0.05523420497775078,19.168418884277344,0.015352685004472733,0.10897102952003479,0.07195193320512772,0.03115159591460465,0.043527986854314804,0.047605983912944794,0.011706450954079628,0.014488528482615948,0.08431528250624462,0.006863756263633957
181,0.20496173202991486,0.22825372219085693,0.05620323121547699,18.86181640625,0.02329198829829693,0.11159632354974747,0.07290617376565933,0.03571222119793235,0.04228188470005989,0.039470478892326355,0.012766565196216106,0.012577327899634838,0.08391672219129069,0.008226771691873325
182,0.3352345824241638,0.3326232135295868,0.024225525557994843,26.359098434448242,-0.0026113332714885473,0.04801798239350319,0.04408588632941246,0.0004837487792188826,0.013471564278006554,0.04228641837835312,0.005149913020431995,0.008848795667290688,0.012580510704843268,0.002160136058147212
183,0.6684531569480896,0.6534116864204407,0.09496397525072098,15.756921768188477,-0.01504143513739109,0.16229182481765747,0.08285533636808395,0.12549173519774373,0.016445672139525414,0.0170624740421772,0.010885807685554028,0.011462336406111717,0.000374220753735362,0.04204354955991031
184,0.44191643595695496,0.45125845074653625,0.06880051642656326,19.642234802246094,0.009342017583549023,0.10378532856702805,0.07356056571006775,0.02013794446320619,0.018311062827706337,0.016518892720341682,0.011697584763169289,0.010961555875837803,0.004204659200506263,0.003918669356188181
185,0.30418258905410767,0.32321926951408386,0.03972986713051796,22.419673919677734,0.01903667487204075,0.07325296103954315,0.061800580471754074,0.0028477286625715353,0.0301301721483469,0.02264386974275112,0.010982684791088104,0.009680253453552723,0.006997623850336038,0.00363572195702242
186,0.2770940959453583,0.2738193869590759,0.020349441096186638,28.40778160095215,-0.0032747110817581415,0.03784347325563431,0.034024372696876526,0.0005050458952851227,0.04529294744133949,0.031087351962924004,0.006687568966299295,0.0051938388496637344,0.024996729371461256,0.0010374737969411256
187,0.2625916600227356,0.2830462157726288,0.06007930263876915,18.86293601989746,0.02045455388724804,0.11213617771863937,0.07473532110452652,0.03316265216028818,0.03163754567503929,0.02805956080555916,0.013438969850540161,0.012312637642025948,0.031565368455320174,0.003352774557856658
188,0.08225549757480621,0.09695867449045181,0.03972986713051796,21.214645385742188,0.0147031769156456,0.08569745719432831,0.05971682444214821,0.01461286406659304,0.06005313992500305,0.06617899984121323,0.013070788234472275,0.012601150199770927,0.31023508973691977,0.00017037692852992092
189,0.4523276388645172,0.4463418126106262,0.027132544666528702,27.539356231689453,-0.005985794588923454,0.04155006259679794,0.039078809320926666,0.0004381121019340824,0.027479402720928192,0.05553332716226578,0.005884746089577675,0.008830761536955833,0.007411396391051561,0.003912584465883541
190,0.5967850089073181,0.5679782032966614,0.06686244904994965,17.461627960205078,-0.028806818649172783,0.13080815970897675,0.07646085321903229,0.06901178339007494,0.09952200949192047,0.09818411618471146,0.016102192923426628,0.02033058926463127,0.02419048140609645,0.048539169960113544
191,0.5710426568984985,0.5697288513183594,0.08042875677347183,16.499462127685547,-0.001313809072598815,0.14962704479694366,0.07892052829265594,0.09930236732657302,0.04942269250750542,0.04139283299446106,0.013852176256477833,0.012408833019435406,0.016672599434713692,0.05477618252236958
192,0.2568412721157074,0.2815489172935486,0.06589342653751373,17.828155517578125,0.024707673117518425,0.126008540391922,0.07589829713106155,0.056072264157257905,0.03594198077917099,0.028511038050055504,0.015833426266908646,0.013241521082818508,0.04081744416352534,0.0012108931706233666
193,0.3691500723361969,0.36474451422691345,0.025194557383656502,26.881996154785156,-0.004405556712299585,0.045064520090818405,0.04131355509161949,0.0004563667728480025,0.06658630073070526,0.03870774805545807,0.00907357968389988,0.006133654620498419,0.0147589014339044,0.012592680485452548
194,0.44504639506340027,0.4582841396331787,0.06783153861761093,20.361225128173828,0.013237740844488144,0.0950087308883667,0.06997210532426834,0.013919186571864075,0.03799345716834068,0.030582638457417488,0.011222878471016884,0.009197178296744823,0.010207403486033656,0.028069598975304474
195,0.4463566839694977,0.45897120237350464,0.07849074900150299,16.80727767944336,0.012614537961781025,0.14387096464633942,0.07916571944952011,0.0863050416358619,0.026774616912007332,0.029378896579146385,0.011180030182003975,0.014101588167250156,0.02427871231551373,0.03664016696938996
196,0.24549712240695953,0.24736833572387695,0.02325650490820408,27.679197311401367,0.0018712237942963839,0.04126616567373276,0.03638182580471039,0.00046853655345728253,0.07527248561382294,0.056667082011699677,0.007717587053775787,0.006324594374746084,0.04979874225317403,0.009541107997675572
197,0.4852316975593567,0.49167338013648987,0.08139778673648834,16.483299255371094,0.0064417095854878426,0.14977306127548218,0.08035638183355331,0.09407848900003955,0.030619997531175613,0.026042435318231583,0.013990793377161026,0.011227455921471119,0.013624069392089034,0.04508295226707801
198,0.38632404804229736,0.4025667607784271,0.06686247140169144,17.794755935668945,0.016242753714323044,0.12787531316280365,0.07574228942394257,0.058944332381048,0.05706295371055603,0.0500553734600544,0.013962126336991787,0.014066471718251705,0.030716526257822886,0.02726335100993967
199,0.5011941194534302,0.49991747736930847,0.05620317533612251,20.270387649536133,-0.001276608556509018,0.09692657738924026,0.07178471237421036,0.013432395347492873,0.025654925033450127,0.030193446204066277,0.01091840025037527,0.012079901061952114,0.010441671762762297,0.02001624665711339
200,0.3344109356403351,0.3358527421951294,0.06686244904994965,18.027782440185547,0.0014418151695281267,0.1254822313785553,0.07464177906513214,0.05448106534259454,0.059338223189115524,0.06494733691215515,0.012125561013817787,0.014367366209626198,0.05914817620625344,0.021324498072610994
201,0.5168843269348145,0.5136724710464478,0.03197760507464409,25.334880828857422,-0.0032118228264153004,0.054011907428503036,0.05033375322818756,0.0003955178698016022,0.03963766247034073,0.03903383016586304,0.009328704327344894,0.008563736453652382,0.012385794215094788,0.0112783441796503
202,0.28554338216781616,0.2879841923713684,0.04069888964295387,21.915481567382812,0.002440830459818244,0.08017238229513168,0.06351339817047119,0.006535172187183395,0.038725972175598145,0.0407404862344265,0.012085452675819397,0.012342944741249084,0.015750738553560725,0.003328434996638098
203,0.2813730537891388,0.3086146116256714,0.05523420870304108,19.076982498168945,0.02724158763885498,0.10782373696565628,0.0705593079328537,0.033503406017348025,0.12376329302787781,0.1266254335641861,0.018896445631980896,0.017104821279644966,0.035916065023137794,0.037193891987112204
204,0.2863500118255615,0.2893848419189453,0.0426369234919548,21.968284606933594,0.0030348198488354683,0.07966560870409012,0.06643825024366379,0.002783837314372815,0.027617644518613815,0.023352066054940224,0.012520854361355305,0.011353976093232632,0.006851586483024677,0.00011257047063584062
205,0.29298004508018494,0.29805395007133484,0.0639553889632225,18.554054260253906,0.005073892883956432,0.11800385266542435,0.07614197582006454,0.03816747443585461,0.028641916811466217,0.024129671975970268,0.013859905302524567,0.012691941112279892,0.04418847339229592,0.003955178698016022
206,0.20939023792743683,0.2034546285867691,0.06298636645078659,19.012998580932617,-0.005935604218393564,0.1118767112493515,0.07691671699285507,0.024713781972295495,0.027861183509230614,0.029216933995485306,0.015271537005901337,0.015752607956528664,0.06155170787658625,9.735824487424053e-05
207,0.22177840769290924,0.23270943760871887,0.05911029502749443,18.770545959472656,0.010931066237390041,0.11468558758497238,0.07414409518241882,0.0368135863430722,0.03277405723929405,0.031036697328090668,0.014186295680701733,0.01357897836714983,0.06540952832972803,0.0008427573071926446
208,0.5187104344367981,0.5139355659484863,0.06880051642656326,18.58429718017578,-0.004774885252118111,0.11760544776916504,0.07566170394420624,0.03841695493834485,0.02714451402425766,0.019728967919945717,0.011045587249100208,0.008670594543218613,0.01266874161426055,0.024732036643209415
209,0.18449640274047852,0.18541696667671204,0.04748202860355377,20.494382858276367,0.0009205712703987956,0.09446269273757935,0.06685230135917664,0.017536653857972574,0.04039423167705536,0.0371401272714138,0.014816205017268658,0.013222108595073223,0.1558857622694207,0.001965419568398731
210,0.19622716307640076,0.20856109261512756,0.03488476201891899,22.532135009765625,0.012333935126662254,0.07368739694356918,0.05808708071708679,0.006212673001037474,0.07864489406347275,0.07454784959554672,0.012999729253351688,0.012237461283802986,0.04387205909645464,0.010380822859715897
211,0.5049293637275696,0.49065253138542175,0.042636945843696594,21.188129425048828,-0.014276859350502491,0.0860389843583107,0.059965379536151886,0.017764837244396578,0.09121476113796234,0.10037074238061905,0.009980826638638973,0.014777134172618389,0.04575533264574073,0.051974090537082844
212,0.3090301752090454,0.3101421296596527,0.02907063066959381,25.470420837402344,0.0011119755217805505,0.053257934749126434,0.04830102622509003,0.0005932768047024032,0.0431976392865181,0.040732286870479584,0.009356689639389515,0.00947839766740799,0.020049713553788907,0.004438927477234904
213,0.3914376199245453,0.38906726241111755,0.07073850929737091,17.829715728759766,-0.0023703963961452246,0.12836308777332306,0.07618111371994019,0.05738051557275551,0.06456851959228516,0.06482844054698944,0.013349829241633415,0.012891968712210655,0.05309979524344125,0.03143150086861809
214,0.2670574486255646,0.27639806270599365,0.03100867196917534,24.13549041748047,0.009340593591332436,0.06141288951039314,0.053130827844142914,0.0014116945506764877,0.027654841542243958,0.014920143410563469,0.009272504597902298,0.0061781033873558044,0.00912733545696005,0.0032249918614592177
215,0.22589577734470367,0.23604816198349,0.04748203605413437,21.170595169067383,0.010152416303753853,0.0868000015616417,0.06517402827739716,0.011549121798206783,0.033659882843494415,0.025792796164751053,0.010951888747513294,0.008974921889603138,0.03881247280814645,0.006291776574997794
216,0.2534698247909546,0.2604708969593048,0.0639553889632225,18.330734252929688,0.007001074496656656,0.12098661810159683,0.07703724503517151,0.04173017770922135,0.02362849935889244,0.02844562567770481,0.011996429413557053,0.01395826693624258,0.058138084415683196,0.0018832735492860903
217,0.36828675866127014,0.36221179366111755,0.0426369272172451,20.91179847717285,-0.006074957083910704,0.08982954919338226,0.06550011783838272,0.013645366508155274,0.052796415984630585,0.054138120263814926,0.015005960129201412,0.01278989389538765,0.0740379027817076,0.007551348868058281
218,0.28352516889572144,0.29466676712036133,0.05232713371515274,19.9782772064209,0.011141571216285229,0.09962937235832214,0.07031535357236862,0.020639947913338993,0.019082006067037582,0.018253959715366364,0.010371479205787182,0.010264704935252666,0.02365501105928813,0.003094166719909457
219,0.43533122539520264,0.42069587111473083,0.05523419752717018,19.77617073059082,-0.014635331928730011,0.10156133770942688,0.06766711920499802,0.027975283175582552,0.10629982501268387,0.10791702568531036,0.013152454048395157,0.020873814821243286,0.024957177584481096,0.05015775078114779
220,0.7404277920722961,0.7238487601280212,0.08818086981773376,16.107952117919922,-0.01657910831272602,0.15565125644207,0.08383069932460785,0.1074317807735721,0.012968945316970348,0.012962629087269306,0.011208970099687576,0.011364090256392956,0.00038030564404000205,0.05945242072148545
221,0.558819055557251,0.5607523918151855,0.03294667229056358,25.7208251953125,0.0019333325326442719,0.05171963572502136,0.04936320707201958,0.0003224991861459218,0.028972269967198372,0.046584926545619965,0.006548632401973009,0.00869890209287405,0.0024430834573129735,0.018787098815576102
222,0.24290861189365387,0.24536018073558807,0.05038909241557121,20.405426025390625,0.0024515637196600437,0.0954081267118454,0.07013949006795883,0.015023594162156241,0.018536299467086792,0.026746466755867004,0.010317212902009487,0.012304549105465412,0.03567875430125683,0.0015303499116169684
223,0.41739797592163086,0.4329916536808014,0.0707385316491127,17.24224853515625,0.01559368148446083,0.1364806741476059,0.07658528536558151,0.07524271106202633,0.04422514885663986,0.04121824726462364,0.014535218477249146,0.015408379957079887,0.04978353002741243,0.02365501105928813
224,0.26357051730155945,0.285230427980423,0.047482047230005264,20.793834686279297,0.02165989577770233,0.08865836262702942,0.06868889927864075,0.009577617339503412,0.032495543360710144,0.023298032581806183,0.013160784728825092,0.011647208593785763,0.01122662261206086,0.002601290605233614
225,0.13290782272815704,0.1342678815126419,0.04651300981640816,21.199495315551758,0.0013600618112832308,0.08709079772233963,0.06601756811141968,0.010721576716775738,0.04644948989152908,0.0635049045085907,0.0123605253174901,0.014378939755260944,0.2174313852557023,0.0016398779371004889
226,0.5616257190704346,0.5625313520431519,0.08139771968126297,16.872098922729492,0.0009056116687133908,0.14334626495838165,0.07972898334264755,0.08692570044693519,0.01740286312997341,0.017848601564764977,0.012599905952811241,0.011940240859985352,0.012206289951107906,0.010727661607080378
227,0.16224969923496246,0.16840319335460663,0.04748202860355377,20.007709503173828,0.00615349318832159,0.09972159564495087,0.06650765240192413,0.024099208051526853,0.06033008173108101,0.052944015711545944,0.013898075558245182,0.010872174985706806,0.20669459631316497,0.001667259943471369
228,0.38539472222328186,0.4027458131313324,0.05620323121547699,19.311649322509766,0.017351100221276283,0.10684774070978165,0.07225215435028076,0.02907969076587472,0.02779046818614006,0.020888639613986015,0.012459767051041126,0.009963038377463818,0.0057319666669709115,0.010925420541981179
229,0.4809001684188843,0.49400386214256287,0.06686247140169144,18.680171966552734,0.013103698380291462,0.11567043513059616,0.07544491440057755,0.037066109290714765,0.018640780821442604,0.022911733016371727,0.008838686160743237,0.01067940890789032,0.004548455502718425,0.022313292747115
230,0.4572254419326782,0.4670216143131256,0.06976951658725739,18.158004760742188,0.00979625340551138,0.12323437631130219,0.07767888903617859,0.04572795063936985,0.013866396620869637,0.006549329496920109,0.011877759359776974,0.008426534943282604,0.005184326539553308,0.004162064968373782
231,0.2390117645263672,0.2501918375492096,0.03972986340522766,22.403383255004883,0.0111800916492939,0.07499948889017105,0.06367187947034836,0.0022727065287830523,0.025353632867336273,0.02833460085093975,0.010510957799851894,0.010888253338634968,0.023076946480347325,0.0005415552371129629
232,0.5039874315261841,0.5128389000892639,0.06783147156238556,17.88664436340332,0.008851459249854088,0.12723876535892487,0.07894324511289597,0.047708582433530176,0.022646257653832436,0.02524704858660698,0.012896834872663021,0.015174954198300838,0.0109740996644183,0.03500333147744179
233,0.24217954277992249,0.2612999379634857,0.0639553889632225,18.68024253845215,0.01912040263414383,0.11482833325862885,0.0739862471818924,0.03858124697657013,0.05755520612001419,0.054005321115255356,0.014336487278342247,0.013436042703688145,0.07512101325593352,0.011880748319809665
234,0.41883862018585205,0.42336753010749817,0.060079269111156464,19.025978088378906,0.004528924357146025,0.11177503317594528,0.07306601107120514,0.03290404432234098,0.027532057836651802,0.03648541122674942,0.009131533093750477,0.012319103814661503,0.008573610439237806,0.017703988341350178
235,0.6077861189842224,0.5979427099227905,0.05232717841863632,19.86962127685547,-0.009843452833592892,0.10103398561477661,0.07090689986944199,0.021698718826346358,0.04236556962132454,0.043241314589977264,0.00954559538513422,0.012768255546689034,0.005808027795778912,0.03692615681370804
236,0.31366753578186035,0.33206790685653687,0.07170756906270981,17.382108688354492,0.01840038038790226,0.1339162439107895,0.07845230400562286,0.06711938250533188,0.020597394555807114,0.02839851751923561,0.011573409661650658,0.014396347105503082,0.03158058068108177,0.005826282466692831
237,0.2733617424964905,0.2919258177280426,0.04360594600439072,21.67719841003418,0.01856408640742302,0.08032304793596268,0.06456706672906876,0.0059814471694611526,0.03190019354224205,0.029274918138980865,0.011692718602716923,0.011216672137379646,0.0109588874386567,0.003943008917406741
238,0.2606087327003479,0.2792050838470459,0.05038909241557121,21.032732009887695,0.0185963436961174,0.08682060986757278,0.06572344899177551,0.0112479197281271,0.07260781526565552,0.07951873540878296,0.01127321645617485,0.013775398954749107,0.019660280574291946,0.02039350985600107
239,0.13407230377197266,0.1452619582414627,0.04748202860355377,20.845149993896484,0.011189645156264305,0.0900355726480484,0.0684378519654274,0.0108067651810407,0.054780229926109314,0.040152739733457565,0.015339531935751438,0.012801366858184338,0.1439076557047368,0.0006115314756163234
240,0.4281165897846222,0.42553648352622986,0.05911027267575264,19.39696502685547,-0.0025800890289247036,0.10715832561254501,0.07618013769388199,0.02198166622551212,0.014625604264438152,0.014699901454150677,0.010727223940193653,0.010556059889495373,0.0015851139243587286,0.011220537721756222
241,0.4709779620170593,0.4558252692222595,0.07849068939685822,17.16252899169922,-0.015152684412896633,0.13780464231967926,0.07845833152532578,0.07591509144068906,0.04212679713964462,0.03692033141851425,0.01526718307286501,0.01226006168872118,0.02610113696175342,0.01841896295214538
242,0.28094008564949036,0.286114364862442,0.051358114928007126,20.24235725402832,0.00517427921295166,0.09711058437824249,0.07068069279193878,0.01631663335189225,0.017668357118964195,0.027997862547636032,0.009370560757815838,0.013385594822466373,0.021622657697538357,0.002802091985286735
243,0.3118375837802887,0.3222523331642151,0.048451051115989685,20.45822525024414,0.010414759628474712,0.09428776055574417,0.06918781995773315,0.015327838677388243,0.024628203362226486,0.03020537830889225,0.012059901840984821,0.0135962450876832,0.011320938411782782,0.006370880148958115
244,0.2552671432495117,0.25903740525245667,0.014535315334796906,30.169784545898438,0.0037702526897192,0.030780596658587456,0.02565523236989975,0.0005293854565036829,0.07489705830812454,0.142238587141037,0.006902262102812529,0.00958707369863987,0.0013052089703452872,0.002607375495538254
245,0.2360924929380417,0.26211294531822205,0.06686246395111084,18.154359817504883,0.026020459830760956,0.120906762778759,0.0729009211063385,0.05152076620938716,0.034355901181697845,0.033708229660987854,0.012400536797940731,0.011634687893092632,0.05736530334699391,0.003434920576969299
246,0.31239643692970276,0.3208538293838501,0.051358114928007126,20.317535400390625,0.008457393385469913,0.0960385873913765,0.0701485350728035,0.016344015358263127,0.044787563383579254,0.050411857664585114,0.010678094811737537,0.01258960273116827,0.011929427442246785,0.015151376858553682
247,0.3547286093235016,0.36223483085632324,0.03682277724146843,23.559772491455078,0.007506199646741152,0.06595025211572647,0.05763338878750801,0.001448203892504328,0.013751682825386524,0.0171947218477726,0.006627170369029045,0.0075351339764893055,0.004469351928758104,0.002899450230160976
248,0.5544381141662598,0.5374365448951721,0.04748202860355377,21.466615676879883,-0.017001518979668617,0.08273473381996155,0.06349051743745804,0.009516768436457011,0.12970224022865295,0.1251150220632553,0.012910143472254276,0.010457627475261688,0.0070797698694486785,0.06702202426045764
249,0.533427894115448,0.5267086625099182,0.06783147156238556,18.307344436645508,-0.0067192246206104755,0.1213298961520195,0.0778033509850502,0.04151416410340662,0.0098947212100029,0.00845958199352026,0.009401807561516762,0.008915653452277184,0.000374220753735362,0.007572645984124521
250,0.20708699524402618,0.21172235906124115,0.04360593855381012,20.93501853942871,0.0046353708021342754,0.08967465162277222,0.06531909853219986,0.015437366702871764,0.021507054567337036,0.03367765247821808,0.010361703112721443,0.012441209517419338,0.08761329305135952,0.002598248160081294
251,0.46964484453201294,0.47923770546913147,0.0707385316491127,18.34777069091797,0.009592843241989613,0.12057056277990341,0.07732346653938293,0.04122513181393622,0.018106631934642792,0.018186109140515327,0.011877680197358131,0.011997542344033718,0.0023305129866771327,0.007870805609051883
252,0.6243162751197815,0.610145092010498,0.05523419752717018,20.586196899414062,-0.014171197079122066,0.09239337593317032,0.06927362829446793,0.011899002990723585,0.06796975433826447,0.06506215780973434,0.013322914019227028,0.011361800134181976,0.003294968099962578,0.034130149718725945
253,0.28495869040489197,0.28963443636894226,0.0639553889632225,18.36872673034668,0.004675719421356916,0.12056946009397507,0.07755687832832336,0.04160847990312855,0.022106586024165154,0.019946981221437454,0.012662556953728199,0.011971443891525269,0.05707931350267583,0.004892251804930587
254,0.20383703708648682,0.2229839265346527,0.036822810769081116,22.512256622314453,0.019146902486681938,0.0723944753408432,0.06120208650827408,0.0026530121728230546,0.04512115940451622,0.044332824647426605,0.01389586552977562,0.013551377691328526,0.021181503150451954,0.0005050458952851227
255,0.49381527304649353,0.4904782474040985,0.05038909241557121,20.371204376220703,-0.0033369851298630238,0.09575827419757843,0.07062365114688873,0.014774113659666,0.03503825515508652,0.027943002060055733,0.013343914411962032,0.010464418679475784,0.01642007648707113,0.019176531795073063
256,0.40230995416641235,0.4243861436843872,0.06589344888925552,17.69277000427246,0.022076141089200974,0.12854327261447906,0.0752270296216011,0.06308510023335555,0.10045353323221207,0.09560392796993256,0.01501079834997654,0.012743701227009296,0.024455174134348293,0.0546423149356675
257,0.4466421604156494,0.47399500012397766,0.07558363676071167,17.140520095825195,0.027352862060070038,0.13626880943775177,0.07929756492376328,0.07382797406619752,0.02197873964905739,0.015277016907930374,0.0139540433883667,0.01150441076606512,0.004104258510479702,0.015266989774341842
258,0.2833622694015503,0.2803364098072052,0.05232713371515274,19.1739501953125,-0.0030258256010711193,0.10993552207946777,0.0692412480711937,0.0365701907308866,0.06468282639980316,0.0622992068529129,0.012961192987859249,0.015269770286977291,0.12007922527176641,0.0055494199578317105
259,0.44528451561927795,0.432787150144577,0.07558365166187286,17.03069305419922,-0.012497385032474995,0.14019960165023804,0.07845159620046616,0.07811173684066411,0.05539762228727341,0.0601922906935215,0.011576798744499683,0.013983167707920074,0.021281903840478514,0.02760714731215183
260,0.5547094345092773,0.5555463433265686,0.08721189200878143,16.159631729125977,0.0008369472925551236,0.15560093522071838,0.08014244586229324,0.1111253091884886,0.0369156152009964,0.03849364072084427,0.012143111787736416,0.014002380892634392,0.010408204866086776,0.035830876558872835
261,0.319543719291687,0.31405317783355713,0.048451028764247894,21.002765655517578,-0.005490562412887812,0.08892739564180374,0.06960278749465942,0.008175050124283885,0.028435256332159042,0.0189299788326025,0.013285612687468529,0.010678351856768131,0.006897223160309478,0.0015273074664646483
262,0.36300861835479736,0.39461466670036316,0.06589338183403015,18.329532623291016,0.031606048345565796,0.1170123964548111,0.07335419207811356,0.04567622907178041,0.049626246094703674,0.06120501086115837,0.012924371287226677,0.01729152537882328,0.023484634130758207,0.026660946869780305
263,0.28085407614707947,0.3013104796409607,0.057172250002622604,18.73517417907715,0.02045639045536518,0.11385233700275421,0.07274021953344345,0.03848997362200053,0.09853038936853409,0.09460590779781342,0.014354674145579338,0.01343588437885046,0.061201826684069455,0.02963341578359696
264,0.2300354540348053,0.2517895996570587,0.05620322376489639,19.089832305908203,0.021754145622253418,0.10889571905136108,0.07224798202514648,0.03195480143481713,0.034515947103500366,0.03210047259926796,0.013206612318754196,0.012691313400864601,0.07185342716234183,0.004959185598281627
265,0.24418702721595764,0.24650631844997406,0.03876085206866264,22.925357818603516,0.0023193033412098885,0.07136788964271545,0.0598270483314991,0.002911620010770256,0.056902799755334854,0.05781504511833191,0.011372234672307968,0.011603395454585552,0.052506518438738846,0.008415403291317165
266,0.6063149571418762,0.6120641827583313,0.09108804166316986,15.74288558959961,0.005749232601374388,0.16314968466758728,0.08272038400173187,0.12742673031461926,0.015541615895926952,0.01566159911453724,0.012214810587465763,0.011783295311033726,0.0011530867127292862,0.035946489474660996
267,0.33782029151916504,0.32607269287109375,0.06492441147565842,18.296911239624023,-0.011747650802135468,0.12109335511922836,0.07607145607471466,0.04504948537040249,0.02948722429573536,0.030777042731642723,0.013282500207424164,0.014475706964731216,0.06321592537490531,0.005756306228189471
268,0.46398696303367615,0.4622127413749695,0.06783145666122437,18.286163330078125,-0.0017742506461218,0.12179955840110779,0.07719211280345917,0.04395116267041496,0.010283870622515678,0.008206136524677277,0.009766597300767899,0.008351226337254047,0.0026712668437369746,0.0043324418969037035
269,0.29892122745513916,0.3050540089607239,0.0707385316491127,17.5078182220459,0.006132769398391247,0.13309092819690704,0.0784386545419693,0.0624401018610637,0.022099735215306282,0.02020629495382309,0.013044209219515324,0.011379830539226532,0.041465484980969504,0.0018741462138291301
270,0.4264988601207733,0.43345245718955994,0.05232709273695946,20.578338623046875,0.006953633390367031,0.09329967945814133,0.07167645543813705,0.009449834643105972,0.021896136924624443,0.019614115357398987,0.01075002457946539,0.009298652410507202,0.0024765503539884936,0.0110197363417031
271,0.17615622282028198,0.18798381090164185,0.05620323121547699,19.185195922851562,0.011827602051198483,0.10919618606567383,0.07227618992328644,0.03104511033427345,0.04268896207213402,0.0369185246527195,0.01384294219315052,0.012250307016074657,0.12696427865146662,0.002418743896094413
272,0.28682324290275574,0.2781045734882355,0.06104832515120506,18.54527473449707,-0.008718671277165413,0.11791042983531952,0.07414627820253372,0.04198574310201623,0.05796144902706146,0.0570794939994812,0.014028815552592278,0.015414842404425144,0.07602157702102025,0.009449834643105972
273,0.48058655858039856,0.489214152097702,0.059110283851623535,19.811511993408203,0.008627614937722683,0.1018289104104042,0.07322269678115845,0.017634012102846815,0.02145591750741005,0.021172070875763893,0.010658247396349907,0.010918681509792805,0.010094833015397814,0.011439593772723262
274,0.25501853227615356,0.2708720266819,0.05911030247807503,18.840744018554688,0.01585349068045616,0.11317303031682968,0.07496605813503265,0.03294359610932114,0.04991469532251358,0.055809468030929565,0.014774584211409092,0.01565791480243206,0.04407286047650776,0.008585780219847086
275,0.48376333713531494,0.49465325474739075,0.07945968210697174,16.75515365600586,0.01088996697217226,0.14488351345062256,0.08047831058502197,0.08410535379073454,0.01866145245730877,0.01977199874818325,0.014313285239040852,0.013784431852400303,0.013179872399850311,0.02234980208894284
276,0.38439953327178955,0.3822054862976074,0.06976951658725739,17.56416130065918,-0.0021940506994724274,0.13235251605510712,0.0764356479048729,0.06606973892778148,0.05413558706641197,0.04832946136593819,0.016660619527101517,0.01151303481310606,0.04993260983987611,0.017898704831098657
277,0.2605140209197998,0.24821805953979492,0.06298638880252838,18.68571662902832,-0.01229596696794033,0.115684375166893,0.07683955878019333,0.0320856265763669,0.029738612473011017,0.020452676340937614,0.01529212761670351,0.013073837384581566,0.05134734683570492,0.00043202721162944235
278,0.5370786190032959,0.5438703894615173,0.06589344888925552,19.31507682800293,0.006791730411350727,0.10799136012792587,0.07538165152072906,0.022821381087552443,0.02245747670531273,0.0161428339779377,0.012590905651450157,0.010760780423879623,0.0008275450814310445,0.013106853716194631
279,0.3721679151058197,0.3659656047821045,0.04748203605413437,20.534996032714844,-0.0062023126520216465,0.0938217043876648,0.06633361428976059,0.019821530167364907,0.12792231142520905,0.11516855657100677,0.020153535529971123,0.010748242028057575,0.026155900974495182,0.048828202249583945
280,0.3953280448913574,0.3950892686843872,0.03585377708077431,23.917579650878906,-0.0002387871063547209,0.06369685381650925,0.05545107647776604,0.001137874486967686,0.026353564113378525,0.029811350628733635,0.008047500625252724,0.009620972909033298,0.006027083846745953,0.007207552565846119
281,0.2510639727115631,0.2539219260215759,0.044574979692697525,22.347877502441406,0.0028579591307789087,0.07626081258058548,0.06322963535785675,0.0036326795118701,0.03855062276124954,0.050013039261102676,0.010758889839053154,0.012436996214091778,0.022958291119406844,0.004302017445380503
282,0.3473987281322479,0.34819602966308594,0.026163583621382713,28.049102783203125,0.0007973165484145284,0.03957826644182205,0.036122214049100876,0.0004837487792188826,0.04231719300150871,0.036005157977342606,0.006054147612303495,0.005353855434805155,0.01108971258020646,0.007523966861687401
283,0.34150490164756775,0.35169774293899536,0.06298638880252838,17.966468811035156,0.010192872025072575,0.12596777081489563,0.07273602485656738,0.05863096053035904,0.1267627477645874,0.12377436459064484,0.017447415739297867,0.01704910583794117,0.05749917093369599,0.05191932652434108
284,0.4421788156032562,0.4513736665248871,0.0562032088637352,19.722278594970703,0.009194823913276196,0.10283880680799484,0.07334037870168686,0.019486861200609707,0.013754719868302345,0.015437311492860317,0.010814672335982323,0.010645352303981781,0.0037209104212873804,0.0008792666490204848
285,0.41999319195747375,0.43954983353614807,0.053296156227588654,19.973905563354492,0.019556639716029167,0.0983758196234703,0.07238546758890152,0.01610670463638217,0.02560310624539852,0.013739422895014286,0.013016263023018837,0.01035449467599392,0.003946051362559062,0.0016733448337760092
286,0.35837268829345703,0.34453585743904114,0.0639553889632225,18.51639747619629,-0.013836842030286789,0.11781632900238037,0.07539107650518417,0.04055883632557814,0.0476306714117527,0.05353784188628197,0.01423593983054161,0.015785204246640205,0.05795249526139167,0.01297602857464487
287,0.22369171679019928,0.23510806262493134,0.04457497224211693,22.182201385498047,0.011416366323828697,0.0769415944814682,0.06137821078300476,0.005890173814891552,0.03497486561536789,0.05387722700834274,0.008943945169448853,0.013233698904514313,0.033962815235348345,0.005156944533182428
288,0.169119194149971,0.19686143100261688,0.0562032088637352,19.100101470947266,0.027742231264710426,0.10739071667194366,0.07388026267290115,0.029484335971133282,0.030777717009186745,0.03364364057779312,0.012429746799170971,0.014167017303407192,0.07592726122129834,0.004110343400784342
289,0.46639275550842285,0.4814226031303406,0.08042865991592407,16.7192325592041,0.015029875561594963,0.14511807262897491,0.08045545965433121,0.08860817261616816,0.02116902731359005,0.022645188495516777,0.013403400778770447,0.014252109453082085,0.007210595010998439,0.013910059236407115
290,0.2486761063337326,0.2662579119205475,0.043605949729681015,21.00025177001953,0.01758180558681488,0.08737105876207352,0.0653427392244339,0.011920300106789825,0.08597716689109802,0.08823272585868835,0.015088855288922787,0.013613514602184296,0.02381017576205645,0.02351201613712909
291,0.43953704833984375,0.456773042678833,0.06686244159936905,18.50848960876465,0.017236024141311646,0.11747641116380692,0.07621677964925766,0.039767800585974934,0.012665238231420517,0.017622165381908417,0.00883934274315834,0.01159318070858717,0.0035748730539760195,0.009881861854735413
292,0.6585644483566284,0.6234813928604126,0.07655267417430878,16.466997146606445,-0.03508305922150612,0.1460382044315338,0.07446527481079102,0.10482136283288153,0.09296673536300659,0.08861583471298218,0.024209031835198402,0.01243968028575182,0.008454955078297325,0.06676645886766276
293,0.12556377053260803,0.12947237491607666,0.017442384734749794,27.489702224731445,0.003908614628016949,0.04203835502266884,0.035966161638498306,0.0005993616950070433,0.04259084537625313,0.06137780100107193,0.006492622662335634,0.008100101724267006,0.043412649878454314,0.0025282719215779337
294,0.2654379904270172,0.2642998695373535,0.032946713268756866,24.23661231994629,-0.0011381265940144658,0.061389584094285965,0.053430136293172836,0.0012534874027558469,0.01766222156584263,0.021334297955036163,0.005610506981611252,0.00635772617533803,0.021318413182306355,0.0048679122437120265
295,0.29927858710289,0.2977241277694702,0.030039651319384575,24.895174026489258,-0.0015544537454843521,0.0568956695497036,0.051161203533411026,0.0006845501592720037,0.02472602389752865,0.040512509644031525,0.006678641773760319,0.008838759735226631,0.008369766614032366,0.00742052372650852
296,0.25142577290534973,0.2838674783706665,0.05814126133918762,18.837011337280273,0.032441701740026474,0.10962773114442825,0.07374755293130875,0.03285536519990386,0.031825438141822815,0.03868136182427406,0.013153313659131527,0.015287035144865513,0.035697008972170756,0.008454955078297325
297,0.23251844942569733,0.25488585233688354,0.0639553889632225,18.303939819335938,0.022367434576153755,0.11948796361684799,0.07532884180545807,0.04632426988922457,0.03363490477204323,0.04192788898944855,0.012068398296833038,0.014766421169042587,0.06126571803226817,0.007679131564455721
298,0.38124001026153564,0.3808724284172058,0.028101610019803047,26.088214874267578,-0.0003675765183288604,0.0496109277009964,0.04599792882800102,0.00045028188254336247,0.057151198387145996,0.06040039286017418,0.008265185169875622,0.009156023152172565,0.005281684784427549,0.010730704052232698
299,0.42314329743385315,0.43985387682914734,0.0794597715139389,16.763710021972656,0.016710596159100533,0.14418402314186096,0.07950101792812347,0.08784451888293583,0.023809067904949188,0.02758568711578846,0.01259274035692215,0.01407754048705101,0.016669556989561372,0.022824423532704766
300,0.34679585695266724,0.3481854200363159,0.05232714116573334,20.95649528503418,0.0013895650627091527,0.0895618423819542,0.06805689632892609,0.010009644551132854,0.02692042849957943,0.02864738740026951,0.010854831896722317,0.01135026104748249,0.03250244156223474,0.004804020895513306
301,0.19268131256103516,0.20688195526599884,0.034884750843048096,22.870594024658203,0.01420061569660902,0.07044005393981934,0.05673344060778618,0.004591049734850905,0.10981187969446182,0.112604521214962,0.013336364179849625,0.01340252161026001,0.07153092797619591,0.014518548266871118
302,0.19808518886566162,0.20433756709098816,0.04069891571998596,21.735801696777344,0.00625238474458456,0.08164700120687485,0.0648210421204567,0.006084890304640033,0.032743752002716064,0.04522288590669632,0.009728383272886276,0.01276377309113741,0.042740269499791594,0.0028386013271145755
303,0.3957810699939728,0.39532214403152466,0.06201736629009247,18.97452163696289,-0.00045891382615081966,0.11253050714731216,0.07627085596323013,0.027908349382231513,0.013968006707727909,0.009132232517004013,0.011338195763528347,0.00925508327782154,0.0009340306617622451,0.0006297861465302435
304,0.39800015091896057,0.4135911464691162,0.051358114928007126,21.037750244140625,0.015590984374284744,0.08735821396112442,0.06854800879955292,0.008050309873038763,0.026613730937242508,0.016614306718111038,0.012833557091653347,0.009778758510947227,0.0015820714792064087,0.0030698271586908966
305,0.8703171014785767,0.8596243858337402,0.040698837488889694,23.12065315246582,-0.01069274079054594,0.06899432092905045,0.06205310299992561,0.0009674975584377652,0.023102473467588425,0.03313872218132019,0.005742203909903765,0.008532962761819363,6.084890304640033e-06,0.10549678565669657
306,0.5230788588523865,0.5039598345756531,0.07364559918642044,16.98700523376465,-0.019119063392281532,0.14016731083393097,0.07809364050626755,0.08271799880127662,0.03461248800158501,0.03758462890982628,0.013629363849759102,0.017271865159273148,0.02427262742520909,0.010377780414563576
307,0.47011473774909973,0.4657399356365204,0.07364555448293686,16.96595573425293,-0.004374823532998562,0.14174099266529083,0.07851111888885498,0.08249894275030957,0.036037445068359375,0.036409892141819,0.012897411361336708,0.011320129036903381,0.03279755874200978,0.026128518968124303
308,0.4340658187866211,0.4319209158420563,0.07461464405059814,16.996686935424805,-0.002144891768693924,0.14129135012626648,0.07857630401849747,0.08044224982734124,0.05013849958777428,0.047652751207351685,0.014161288738250732,0.014783615246415138,0.01707115974966761,0.017667478999522337
309,0.34805768728256226,0.3502391278743744,0.07945972681045532,17.05944061279297,0.002181447111070156,0.14027343690395355,0.07743106782436371,0.08008324129936747,0.03626745939254761,0.038726113736629486,0.012799306772649288,0.013314560055732727,0.07082508070085766,0.013179872399850311
310,0.2849918007850647,0.3194452226161957,0.0639553964138031,17.92089080810547,0.034453414380550385,0.1222834512591362,0.07541733235120773,0.054581466032621095,0.027653327211737633,0.037046369165182114,0.012353774160146713,0.015710366889834404,0.023378148550427007,0.009574574894351092
311,0.4761377274990082,0.4764895737171173,0.06686242669820786,19.12641143798828,0.0003518588491715491,0.11058018356561661,0.07524079084396362,0.026864790694985746,0.014397837221622467,0.016136519610881805,0.00922277569770813,0.010216359980404377,0.004627559076678745,0.006532129742031076
312,0.3326847553253174,0.3403908312320709,0.05911027267575264,19.501911163330078,0.007706095930188894,0.1056213229894638,0.0738818570971489,0.022401523656532283,0.015662431716918945,0.011594174429774284,0.010896374471485615,0.009059947915375233,0.010079620789636215,0.0022787914190876926
313,0.5589192509651184,0.5722236037254333,0.05329611152410507,20.249021530151367,0.013304375112056732,0.09625865519046783,0.0716966837644577,0.01269916606578375,0.04043593630194664,0.03754038363695145,0.011427327059209347,0.010563050396740437,0.0009918371196563254,0.032313809962790895
314,0.400610089302063,0.3921028971672058,0.07849070429801941,17.18599510192871,-0.00850720051676035,0.13799919188022614,0.077077217400074,0.07506016435288713,0.0507492758333683,0.05690725892782211,0.01172537263482809,0.014137040823698044,0.04441969922387224,0.023003927796691644
315,0.11811070889234543,0.1273280531167984,0.029070641845464706,23.875389099121094,0.0092173395678401,0.06334031373262405,0.05431011691689491,0.002008013800531211,0.03726619854569435,0.058128055185079575,0.008674060925841331,0.011514000594615936,0.08793274979235312,0.0011165773709014462
316,0.12298651784658432,0.14563125371932983,0.03488476201891899,22.572021484375,0.022644728422164917,0.07083885371685028,0.0579189732670784,0.003507939260624979,0.039860278367996216,0.05093752592802048,0.010778184048831463,0.01291113905608654,0.053665690041772775,0.0018041699753257698
317,0.4418264925479889,0.4451732337474823,0.08139782398939133,17.005859375,0.003346750047057867,0.1411188393831253,0.07871926575899124,0.08000109528025484,0.031466852873563766,0.030044594779610634,0.011257033795118332,0.012426036410033703,0.023670223285049728,0.021169333369842676
318,0.14505808055400848,0.1570928543806076,0.032946713268756866,23.644271850585938,0.012034770101308823,0.06462237983942032,0.057349760085344315,0.0009370731069145651,0.03815367817878723,0.026705332100391388,0.011795268394052982,0.009674799628555775,0.02719641721658863,0.00018254670913920098
319,0.37179580330848694,0.3667415976524353,0.06298637390136719,18.58894920349121,-0.005054202396422625,0.1175306960940361,0.07637283205986023,0.03881247280814645,0.053938403725624084,0.05393822118639946,0.01833549328148365,0.01266902219504118,0.03703568483919156,0.035693966527018436
320,0.4531962275505066,0.46800386905670166,0.06298641115427017,18.842178344726562,0.014807633124291897,0.11329562216997147,0.07385659962892532,0.03526193931538899,0.019648294895887375,0.018748316913843155,0.00938333384692669,0.008967503905296326,0.007837338712376362,0.022769659519963004
321,0.3160393238067627,0.3373413383960724,0.04845106229186058,18.886564254760742,0.021301979199051857,0.11166305840015411,0.068449966609478,0.03889766127241141,0.08842155337333679,0.09412500262260437,0.014240105636417866,0.02030356600880623,0.10065929786450775,0.042661165925831274
322,0.4326019883155823,0.43473315238952637,0.022287417203187943,27.808109283447266,0.0021311661694198847,0.04064417630434036,0.03813396394252777,0.0004411545470864024,0.029349809512495995,0.05791693553328514,0.005716891027987003,0.00851223710924387,0.010210445931185976,0.007527009306839721
323,0.36594706773757935,0.38553571701049805,0.048451051115989685,20.982681274414062,0.019588656723499298,0.08712811022996902,0.06820840388536453,0.008205474575807085,0.023174330592155457,0.020898478105664253,0.010516086593270302,0.009733893908560276,0.002911620010770256,0.006170078768904993
324,0.40231817960739136,0.40228456258773804,0.04457500949501991,20.817167282104492,-3.359361653565429e-05,0.09102099388837814,0.06412681192159653,0.01663304764773353,0.10820360481739044,0.11507929861545563,0.014271119609475136,0.016710324212908745,0.04416717627622968,0.05323366283014333
325,0.42764902114868164,0.4416757822036743,0.07461460679769516,17.121387481689453,0.014026743359863758,0.1385854035615921,0.07835976034402847,0.07728114931408074,0.029814276844263077,0.0367119126021862,0.012199549935758114,0.01508380938321352,0.019127852672635944,0.020557801894226353
326,0.22272251546382904,0.21777649223804474,0.045543987303972244,21.004878997802734,-0.004946035332977772,0.08893761783838272,0.06766707450151443,0.009617169126483572,0.025239253416657448,0.032775722444057465,0.010595464147627354,0.012475615367293358,0.058104617519007674,0.0005080883404374427
327,0.18121550977230072,0.19163815677165985,0.06298636645078659,18.954265594482422,0.010422631166875362,0.11231160908937454,0.07359103113412857,0.03479644520708403,0.03344088792800903,0.03484617546200752,0.012150071561336517,0.012677393853664398,0.12686387796144005,0.0017463635174316894
328,0.6684316992759705,0.653762936592102,0.06201734393835068,18.762388229370117,-0.014668754301965237,0.11437682062387466,0.07467861473560333,0.039183651116729494,0.032154690474271774,0.03587150201201439,0.010366895236074924,0.012368795461952686,0.0021236267163193714,0.03863905343446421
329,0.31118300557136536,0.31680336594581604,0.05426521971821785,21.371219635009766,0.005620352923870087,0.0852111354470253,0.06585624814033508,0.008865685173860528,0.03208581730723381,0.03818446025252342,0.01137149054557085,0.012598340399563313,0.016243614668236567,0.008114201221237485
330,0.3734162151813507,0.4074866771697998,0.06976952403783798,17.764108657836914,0.03407043591141701,0.12479102611541748,0.07717405259609222,0.05686329989686111,0.020565366372466087,0.020673349499702454,0.013399982824921608,0.01334269717335701,0.00914254768272165,0.0035566183830620995
331,0.3045317232608795,0.31262168288230896,0.0639554113149643,17.520038604736328,0.008089957758784294,0.1327986717224121,0.0757187232375145,0.06802298871557093,0.03747826814651489,0.03919011354446411,0.013429968617856503,0.012250690720975399,0.08172007679131564,0.008141583227608364
332,0.3864630460739136,0.3896152973175049,0.07945970445871353,17.05287742614746,0.0031522291246801615,0.14036104083061218,0.08035563677549362,0.07590292166007977,0.01383341383188963,0.019109629094600677,0.012203037738800049,0.014504780061542988,0.005376000584149469,0.00182242464623969
333,0.42701345682144165,0.4329998791217804,0.07461462169885635,17.22191619873047,0.005986438132822514,0.13756036758422852,0.07718301564455032,0.07468898604430409,0.07038862258195877,0.07234198600053787,0.015833159908652306,0.01371762901544571,0.023140837828546045,0.03849910095745749
334,0.6332014799118042,0.6361199021339417,0.08914993703365326,15.84545612335205,0.002918383339419961,0.16130809485912323,0.08240747451782227,0.12472808146451139,0.013794565573334694,0.013756569474935532,0.011215024627745152,0.011938816867768764,0.002144923832385612,0.03500333147744179
335,0.39301374554634094,0.4071221351623535,0.06686240434646606,18.164222717285156,0.014108407311141491,0.12272639572620392,0.0765240490436554,0.04796414782632506,0.05021900683641434,0.03922314941883087,0.0153583325445652,0.01286634523421526,0.017171560439694172,0.018963560634410664
336,0.32521697878837585,0.3263971209526062,0.07461464405059814,17.26662254333496,0.001180148683488369,0.13697859644889832,0.07976526767015457,0.06674820419674884,0.016441503539681435,0.019048456102609634,0.013340567238628864,0.014342697337269783,0.01831247737181418,0.0015759865889017686
337,0.39130914211273193,0.3815854787826538,0.0639554113149643,17.616966247558594,-0.009723666124045849,0.1312086135149002,0.07542815804481506,0.07009489386430086,0.02448502741754055,0.01790129393339157,0.014741802588105202,0.011576775461435318,0.07790789301545867,0.0036631039633933
338,0.23461225628852844,0.2452695071697235,0.042636919766664505,21.331886291503906,0.01065724529325962,0.08511931449174881,0.06355155259370804,0.011756008068564545,0.04855325073003769,0.045210499316453934,0.012981019914150238,0.011985339224338531,0.03677403455609204,0.006477365729289315
339,0.31741127371788025,0.3229491412639618,0.055234186351299286,18.867889404296875,0.005537906661629677,0.11378678679466248,0.0721253827214241,0.03886419437573589,0.06361378729343414,0.059570856392383575,0.01792098395526409,0.01422305591404438,0.06470976594469444,0.015114867516725842
340,0.33909934759140015,0.36004912853240967,0.07073855400085449,17.518604278564453,0.02094975672662258,0.13140732049942017,0.07675106823444366,0.06590240444440387,0.038161858916282654,0.03603752702474594,0.013287852518260479,0.013434011489152908,0.03477210564586547,0.010831104742259259
341,0.34023499488830566,0.34245777130126953,0.0784907117486,17.002168655395508,0.002222765004262328,0.141200989484787,0.0788264274597168,0.07958123784923467,0.0295602697879076,0.03077087178826332,0.01150558702647686,0.012377163395285606,0.04785766224599386,0.011424381546961663
342,0.18252035975456238,0.202843576669693,0.05620322376489639,19.463830947875977,0.020323248580098152,0.10440777242183685,0.07598836719989777,0.017521441632210977,0.02933482453227043,0.03190094977617264,0.014358673244714737,0.015882199630141258,0.0257938500013691,0.0002220984961193612
343,0.4761694073677063,0.4756804406642914,0.058141276240348816,19.34373664855957,-0.0004889810224995017,0.1078471690416336,0.07361134141683578,0.026085924735991823,0.023587681353092194,0.025853313505649567,0.010815611109137535,0.012320238165557384,0.01286650054916135,0.011743838287955263
344,0.2452489137649536,0.2582363486289978,0.04457496106624603,21.015092849731445,0.012987465597689152,0.08801733702421188,0.06610533595085144,0.011363532643915262,0.06510460376739502,0.062104836106300354,0.011582523584365845,0.01227625086903572,0.052171849471983646,0.015044891278222481
345,0.47541525959968567,0.47219744324684143,0.06589342653751373,17.623598098754883,-0.003217854304239154,0.13142864406108856,0.07493093609809875,0.06698855736378212,0.06854402273893356,0.07467193901538849,0.011139932088553905,0.02347676455974579,0.04039150184220054,0.05702150704478175
346,0.28479453921318054,0.30429601669311523,0.04360595718026161,21.476972579956055,0.019501466304063797,0.08207793533802032,0.06520922482013702,0.006775525354216677,0.03692019358277321,0.02492177113890648,0.012930774129927158,0.009200671687722206,0.012726548072154628,0.008418445736469486
347,0.15759019553661346,0.16356298327445984,0.03488476201891899,22.402557373046875,0.005972806364297867,0.07559984177350998,0.05857362225651741,0.007770404919025322,0.0873817726969719,0.08723638951778412,0.012102915905416012,0.01211582776159048,0.09841397334209558,0.0070219634115545985
348,0.2810784876346588,0.2704187333583832,0.06492441147565842,18.207046508789062,-0.010659745894372463,0.12246406823396683,0.07517918199300766,0.04786983202660314,0.055781181901693344,0.05266353115439415,0.013978071510791779,0.014942321926355362,0.09076526622916305,0.009957922983543414
349,0.39969322085380554,0.407181054353714,0.051358114928007126,20.177974700927734,0.007487827911973,0.09768526256084442,0.07110422849655151,0.015975879494832406,0.0289517343044281,0.021663658320903778,0.012800310738384724,0.010063137859106064,0.011591716030339263,0.0052269207716857885
350,0.29007020592689514,0.30473124980926514,0.06298638880252838,18.145416259765625,0.01466109324246645,0.12293127179145813,0.07367535680532455,0.052972012547043805,0.06969580799341202,0.06970249861478806,0.015566118992865086,0.01397259533405304,0.0655099290197546,0.02010447756653067
351,0.5287763476371765,0.529762327671051,0.07364559918642044,18.447954177856445,0.0009859814308583736,0.11956043541431427,0.07499673217535019,0.04370472461307704,0.038340047001838684,0.03955076262354851,0.011120326817035675,0.011959556490182877,0.010548157343093497,0.03496986458076627
352,0.21610340476036072,0.21939224004745483,0.04457496851682663,21.693836212158203,0.003288828069344163,0.08221689611673355,0.06505395472049713,0.006799864915435237,0.04308881610631943,0.03771739453077316,0.012221143580973148,0.01060339156538248,0.05290203630854045,0.003538363712148179
353,0.43996739387512207,0.443725049495697,0.06007932499051094,18.70383071899414,0.003757667262107134,0.11603280156850815,0.07481087744235992,0.03750117894749652,0.03258217126131058,0.02795151062309742,0.013376750983297825,0.010667100548744202,0.010490350885199416,0.01488972657545416
354,0.48114722967147827,0.48507484793663025,0.042636945843696594,22.661123275756836,0.003927587531507015,0.07350634038448334,0.06285369396209717,0.002077990039034571,0.022897224873304367,0.01886175200343132,0.008827462792396545,0.008171943947672844,0.003517066596081939,0.007721725796588202
355,0.6470687985420227,0.6303736567497253,0.059110283851623535,19.203989028930664,-0.016695085912942886,0.10831842571496964,0.07339873164892197,0.028297782361728474,0.0518188551068306,0.05643089488148689,0.011632457375526428,0.012237729504704475,0.00743573595227012,0.043528262794242475
356,0.4000147879123688,0.4016159474849701,0.06492438912391663,17.8806095123291,0.0016012003179639578,0.12762488424777985,0.07608910650014877,0.05641606045947007,0.02335592545568943,0.0224191602319479,0.012125269509851933,0.015063939616084099,0.04648551948229753,0.0005324279016560029
357,0.3587683439254761,0.3602187931537628,0.06686246395111084,17.661617279052734,0.001450484269298613,0.1308857649564743,0.07523634284734726,0.06433554519095908,0.0327184833586216,0.035324759781360626,0.014395059086382389,0.014550532214343548,0.058469710937286076,0.0075787308744291616
358,0.24733547866344452,0.25884389877319336,0.04457497224211693,21.602664947509766,0.011508422903716564,0.08235061168670654,0.06360995024442673,0.008488421974972847,0.027957214042544365,0.040493883192539215,0.01014780718833208,0.012922707013785839,0.037905824152755084,0.0032432465323731377
359,0.6233438849449158,0.6119824051856995,0.07945974916219711,16.72359275817871,-0.011361425742506981,0.14537782967090607,0.07992173731327057,0.08924100120785072,0.034882232546806335,0.033492498099803925,0.012622817419469357,0.012072267942130566,0.004989610049804827,0.027953986059516312
360,0.29901498556137085,0.30355921387672424,0.06395543366670609,18.09050178527832,0.004544222727417946,0.12450472265481949,0.07414296269416809,0.05312717724981213,0.07696366310119629,0.08123305439949036,0.01414740551263094,0.016257720068097115,0.09984392256368599,0.019203913801443945
361,0.2644195258617401,0.2744695842266083,0.05232712998986244,20.20733070373535,0.01005010399967432,0.0971226617693901,0.07228998839855194,0.013423268012035913,0.0264444500207901,0.01742865890264511,0.013788627460598946,0.01108846440911293,0.008473209749211246,0.0002220984961193612
362,0.5228732824325562,0.518225371837616,0.0591103695333004,18.85423469543457,-0.004647911060601473,0.11400597542524338,0.07495979219675064,0.0356878816367138,0.017627131193876266,0.02003788948059082,0.010129819624125957,0.011850683949887753,0.014101733281003276,0.017083329530276893
363,0.4352149963378906,0.4270535111427307,0.048451054841279984,20.64365577697754,-0.008161436766386032,0.09249819070100784,0.06992259621620178,0.01107450035444486,0.032208461314439774,0.03321497514843941,0.01296045258641243,0.013046227395534515,0.01627403911975977,0.006742058457541156
364,0.1835382878780365,0.18387964367866516,0.025194546207785606,25.935386657714844,0.00034138024784624577,0.05049178749322891,0.044491495937108994,0.0007088897204905639,0.01716124638915062,0.018299849703907967,0.00494119618088007,0.005641275085508823,0.05769388742344447,0.0004441969922387224
365,0.6404915452003479,0.6457273960113525,0.08624286949634552,16.367473602294922,0.005235936492681503,0.15183371305465698,0.08190719038248062,0.10147467316532952,0.012899304740130901,0.015997253358364105,0.011240564286708832,0.01306424755603075,0.0008336299717356846,0.025310101222150216
366,0.34208357334136963,0.3519305884838104,0.051358114928007126,20.026552200317383,0.009846968576312065,0.09920726716518402,0.0696110874414444,0.020862046409458355,0.0435929037630558,0.03513147309422493,0.01459513884037733,0.01119995303452015,0.022885272435751166,0.015811587456607126
367,0.1977865993976593,0.2040555328130722,0.01550433598458767,29.752368927001953,0.006268946919590235,0.031927675008773804,0.026551226153969765,0.0005202581210467228,0.058562107384204865,0.12996046245098114,0.006778750568628311,0.009362572804093361,0.010216530821490615,0.001286954299431367
368,0.40633732080459595,0.39070016145706177,0.07073862105607986,17.635162353515625,-0.015637144446372986,0.13035857677459717,0.07619558274745941,0.06247965364804386,0.035986144095659256,0.04331957921385765,0.012672506272792816,0.01380561850965023,0.04390552599313016,0.012051125248339586
369,0.6590312123298645,0.6503737568855286,0.08236683160066605,16.843461990356445,-0.008657541126012802,0.1435617059469223,0.08006209880113602,0.08433049473200623,0.030157532542943954,0.02451278083026409,0.01256153266876936,0.010951505973935127,0.0008731817587158447,0.03307137880571858
370,0.44914236664772034,0.4658489227294922,0.0639553964138031,18.40849494934082,0.016706503927707672,0.11894134432077408,0.07583911716938019,0.0439876720122428,0.018236888572573662,0.010441018268465996,0.012694504112005234,0.010184885933995247,0.0008579695329542446,0.0018650188783721701
371,0.5410653948783875,0.5320743322372437,0.08721191436052322,15.965246200561523,-0.008990996517241001,0.15887053310871124,0.08071063458919525,0.11944639668008385,0.029620246961712837,0.030051901936531067,0.011502665467560291,0.011672435328364372,0.011722541171889023,0.030339263058935206
372,0.4604119658470154,0.46339210867881775,0.05523418262600899,19.848560333251953,0.0029801656492054462,0.10171515494585037,0.07318031787872314,0.01669693899593225,0.013166319578886032,0.0162284467369318,0.0101936561986804,0.010618582367897034,0.004968312933738587,0.007244061907673959
373,0.5210366249084473,0.5279378890991211,0.08042874187231064,16.381757736206055,0.006901283748447895,0.15151725709438324,0.07871034741401672,0.10261863254260184,0.05132341384887695,0.047019489109516144,0.01570003107190132,0.01220668014138937,0.02233154741802892,0.05955890630181664
374,0.22318056225776672,0.22867894172668457,0.04651302099227905,20.977088928222656,0.005498340353369713,0.08919117599725723,0.0695117861032486,0.007934696957250603,0.03096683882176876,0.01839449070394039,0.012868703342974186,0.010255497880280018,0.023165177389764605,0.0003559660828214419
375,0.3396267890930176,0.34033194184303284,0.051358114928007126,21.40845489501953,0.0007051578722894192,0.08502805978059769,0.06825613230466843,0.00554637751267939,0.021438678726553917,0.017947770655155182,0.009667767211794853,0.009159696288406849,0.017381489155204256,0.004445012367539544
376,0.2702413499355316,0.3057596981525421,0.06589342653751373,17.914501190185547,0.03551837429404259,0.12207572907209396,0.07208345830440521,0.05679636610351007,0.06256893277168274,0.06513696163892746,0.012638894841074944,0.014905905351042747,0.04888600870747803,0.01815731266904586
377,0.5303242802619934,0.5420165657997131,0.08042878657579422,16.506505966186523,0.011692289263010025,0.1490536332130432,0.0809372290968895,0.09689579321108789,0.014079644344747066,0.016079746186733246,0.011768730357289314,0.011725599877536297,0.0064864930647462755,0.024680315075619973
378,0.4758988320827484,0.47398999333381653,0.051358114928007126,20.482290267944336,-0.0019088792614638805,0.09457950294017792,0.07055027782917023,0.012641359607889669,0.03465661406517029,0.03148635849356651,0.012793532572686672,0.011350316926836967,0.004624516631526425,0.010046153892960695
379,0.5030934810638428,0.4959556460380554,0.08721189200878143,16.105592727661133,-0.0071378834545612335,0.15641146898269653,0.08205457031726837,0.11052290504832925,0.010234539397060871,0.013147195801138878,0.010564491152763367,0.011526938527822495,0.008847430502946608,0.013861380113969996
380,0.25272631645202637,0.27799901366233826,0.05717223882675171,18.37618637084961,0.025272706523537636,0.11787775158882141,0.07258082181215286,0.04701794738395353,0.04400867968797684,0.04391565918922424,0.012637156061828136,0.01494568306952715,0.0682755116632135,0.011430466437266302
381,0.23769952356815338,0.24760177731513977,0.06201734393835068,18.527891159057617,0.009902294725179672,0.11805460602045059,0.07556851208209991,0.041130816014214304,0.021457651630043983,0.02144485153257847,0.013279713690280914,0.012029655277729034,0.048536127514961225,0.00023426827672864126
382,0.21720992028713226,0.25391578674316406,0.056203220039606094,19.06222915649414,0.036705851554870605,0.10517999529838562,0.07087361067533493,0.030673932025690406,0.07248777151107788,0.06238415464758873,0.014828250743448734,0.013320975005626678,0.04689320713270841,0.017293258245786973
383,0.3939923644065857,0.3937419354915619,0.04651302099227905,21.090219497680664,-0.00025043735513463616,0.0882038101553917,0.0691770538687706,0.0074752877392502805,0.03289730101823807,0.02233172580599785,0.01341193076223135,0.011074143461883068,0.008086819214866604,0.003121548726280337
384,0.2889712452888489,0.2826611399650574,0.056203264743089676,18.463699340820312,-0.0063101244159042835,0.11918104439973831,0.07323262840509415,0.04577662976180697,0.04954887554049492,0.044373344630002975,0.01468491181731224,0.011763500049710274,0.11361402932308638,0.007493542410164201
385,0.15665046870708466,0.2011166214942932,0.05911029502749443,18.69076156616211,0.04446616396307945,0.10742957890033722,0.07472428679466248,0.035961701700422594,0.022316375747323036,0.03064628131687641,0.012560088187456131,0.014939690940082073,0.026922597152879826,0.00029207473462272156
386,0.4520321786403656,0.45079702138900757,0.05523419752717018,20.347787857055664,-0.0012351301265880466,0.09606709331274033,0.07160239666700363,0.01283607609763815,0.019461240619421005,0.03458797559142113,0.00949414074420929,0.013313495554029942,0.003933881581949781,0.008600992445608687
387,0.41852205991744995,0.43668216466903687,0.06492443382740021,18.0811767578125,0.0181601420044899,0.123392254114151,0.07626481354236603,0.05059586288308188,0.03825601190328598,0.028605511412024498,0.015417595393955708,0.012663480825722218,0.02241673588229388,0.019270847594794985
388,0.24776317179203033,0.25514695048332214,0.049420084804296494,19.36998176574707,0.007383766118437052,0.1072690486907959,0.07155892252922058,0.028827167818232156,0.03858892247080803,0.03864610940217972,0.014104653149843216,0.01369002927094698,0.09505511389393427,0.0013691003185440074
389,0.4615654945373535,0.46163883805274963,0.07364560663700104,17.087724685668945,7.337007264140993e-05,0.13983429968357086,0.07845423370599747,0.07778619520936586,0.03647463023662567,0.032245296984910965,0.013847432099282742,0.011410231702029705,0.03486337900043507,0.024263500089752133
390,0.40240737795829773,0.385864794254303,0.0707385241985321,17.49163818359375,-0.01654256321489811,0.13245153427124023,0.0773187130689621,0.06429295095882659,0.03871744126081467,0.03565741330385208,0.013959459960460663,0.013827633112668991,0.0397465034699087,0.010648558033120058
391,0.32148075103759766,0.33426347374916077,0.06201735511422157,18.085739135742188,0.012782732024788857,0.12399883568286896,0.0711975023150444,0.056066179266953266,0.10607565194368362,0.10223017632961273,0.016137704253196716,0.016319749876856804,0.06751490037513348,0.030743908264193768
392,0.25639092922210693,0.2520602345466614,0.04651299864053726,21.27874183654785,-0.004330664407461882,0.08620164543390274,0.0673290342092514,0.007727810686892842,0.02111019380390644,0.022849807515740395,0.009569196030497551,0.009930315427482128,0.05240611774871228,0.0009492428875238452
393,0.36640504002571106,0.3614163100719452,0.07073857635259628,17.504201889038086,-0.004988682456314564,0.13319426774978638,0.07647686451673508,0.06711938250533188,0.061754319816827774,0.06313818693161011,0.013981428928673267,0.01456841267645359,0.05080579159859196,0.02183867130335308
394,0.5239496827125549,0.5030216574668884,0.08139777928590775,16.47637176513672,-0.020927973091602325,0.14856432378292084,0.0798649787902832,0.09620515816151125,0.026126643642783165,0.02895161882042885,0.01295587606728077,0.012953413650393486,0.017935214172926497,0.015522555167136725
395,0.18449151515960693,0.20684629678726196,0.048451051115989685,19.8802547454834,0.022354787215590477,0.09889298677444458,0.06526284664869308,0.02550786015705102,0.10842958092689514,0.11018683761358261,0.014021466486155987,0.012411737814545631,0.1378471049613153,0.019921930857391468
396,0.18802471458911896,0.20319563150405884,0.03294672071933746,23.24629783630371,0.015170919708907604,0.0671221986413002,0.057898472994565964,0.0019106555556569703,0.034444548189640045,0.05862058699131012,0.01065168995410204,0.01415692176669836,0.024263500089752133,0.001286954299431367
397,0.17830292880535126,0.20407362282276154,0.05523420497775078,19.14957046508789,0.02577069401741028,0.10723307728767395,0.07134333997964859,0.0325876300264997,0.06045660004019737,0.06489449739456177,0.013274891301989555,0.015520975925028324,0.09792718211772437,0.010204361040881335
398,0.25072434544563293,0.2683037221431732,0.047482024878263474,21.042221069335938,0.017579393461346626,0.08693332225084305,0.06659775227308273,0.010046153892960695,0.04437510669231415,0.050491757690906525,0.011146721430122852,0.012780014425516129,0.02584252912380622,0.014043926823109197
399,0.2153894454240799,0.21399757266044617,0.05426517874002457,19.416154861450195,-0.0013918362092226744,0.1069437712430954,0.07142706960439682,0.026691371321303507,0.046705227345228195,0.044365979731082916,0.013442528434097767,0.01407073438167572,0.12242495048420515,0.0004076876504108822
400,0.4388138949871063,0.4250204563140869,0.07170756906270981,17.142641067504883,-0.013793444260954857,0.13826671242713928,0.07694951444864273,0.07801133615063754,0.0904180109500885,0.08950760960578918,0.01599258743226528,0.018038246780633926,0.037352099135032846,0.032310767517638575
401,0.5355393290519714,0.5493639707565308,0.06395552307367325,18.704744338989258,0.013824619352817535,0.11525528877973557,0.07685524225234985,0.033749844074685946,0.013606187887489796,0.014768575318157673,0.00985648576170206,0.009526961483061314,0.0009735824487424053,0.021586148355710516
402,0.41092321276664734,0.40245094895362854,0.04360593855381012,21.236465454101562,-0.008472290821373463,0.08631668984889984,0.06636889278888702,0.009678018029529972,0.0443824827671051,0.03792010620236397,0.013059397228062153,0.012264907360076904,0.036366346905681156,0.012324945312048387
403,0.41226768493652344,0.41148361563682556,0.03876085206866264,23.1151123046875,-0.0007841207552701235,0.0698581263422966,0.06012661010026932,0.0019380375620278506,0.01429316122084856,0.023892752826213837,0.005609899293631315,0.008571624755859375,0.002190560509670412,0.0047279597667053055
404,0.33368754386901855,0.34244292974472046,0.04651303216814995,21.155366897583008,0.00875538494437933,0.0871061384677887,0.06715378165245056,0.008661841348655087,0.03149188309907913,0.02944958582520485,0.010886657051742077,0.011272413656115532,0.0294417417390008,0.012017658351664065
405,0.25506603717803955,0.28261327743530273,0.062986359000206,18.436935424804688,0.02754724770784378,0.11650381237268448,0.07365015149116516,0.04354347502000408,0.04873980954289436,0.04156838729977608,0.014863595366477966,0.012893307954072952,0.060298220473830405,0.0059814471694611526
406,0.2582935094833374,0.2632983922958374,0.0426369309425354,22.085357666015625,0.005004902370274067,0.07849667221307755,0.06416984647512436,0.004216828981115543,0.023205991834402084,0.0245305635035038,0.010438033379614353,0.010321451351046562,0.034260974860275704,0.0011652564933385663
407,0.590653121471405,0.573190450668335,0.06976951658725739,18.134153366088867,-0.017462683841586113,0.1227269172668457,0.07737605273723602,0.04641250079864185,0.024234076961874962,0.022241665050387383,0.011948580853641033,0.011129379272460938,0.008381936394641645,0.014926235917282002
408,0.14630456268787384,0.14777827262878418,0.031008675694465637,24.238672256469727,0.0014736984157934785,0.061367884278297424,0.05362608656287193,0.0013234636412592072,0.04740172252058983,0.06955742090940475,0.01047910563647747,0.013443334959447384,0.09811885616232054,0.001283911854279047
409,0.5250061750411987,0.5376607179641724,0.07945972681045532,16.796432495117188,0.012654510326683521,0.1440485715866089,0.08060787618160248,0.08761633549651184,0.02029351331293583,0.013972417451441288,0.01394803449511528,0.011980836279690266,0.009939668312629494,0.02361545927230797
410,0.3326777219772339,0.33612990379333496,0.029070625081658363,25.604995727539062,0.0034521613270044327,0.052336838096380234,0.048355840146541595,0.0005719796886361631,0.016878489404916763,0.0264627393335104,0.005786293651908636,0.007490437012165785,0.006827246921806117,0.003130676061737297
411,0.44290101528167725,0.4333451986312866,0.05814127251505852,20.12054443359375,-0.00955582968890667,0.09815773367881775,0.07070241868495941,0.017293258245786973,0.03845052048563957,0.028751665726304054,0.012276191264390945,0.009779689833521843,0.008007715640906283,0.01091020831621958
412,0.21106816828250885,0.23935219645500183,0.05911029502749443,18.281633377075195,0.028284020721912384,0.11854863911867142,0.07233783602714539,0.05001171341383643,0.037289876490831375,0.04252922907471657,0.01236825529485941,0.012579860165715218,0.07391012008531016,0.007198425230389159
413,0.21187244355678558,0.2280576229095459,0.03876084089279175,22.397737503051758,0.016185175627470016,0.07413122802972794,0.0627184510231018,0.0026651819534323344,0.05196220800280571,0.05494486168026924,0.0141152897849679,0.01398625411093235,0.012510534466339908,0.0026773517340416145
414,0.45557352900505066,0.4559035301208496,0.062017299234867096,18.766117095947266,0.0003300354874227196,0.11526364088058472,0.074004165828228,0.03854778007989461,0.029749184846878052,0.026153866201639175,0.010887536220252514,0.008682609535753727,0.021138908918319474,0.0258242744528923
415,0.3332822918891907,0.36082568764686584,0.06492441147565842,17.47167205810547,0.02754344791173935,0.13092182576656342,0.07616416364908218,0.06762138595546469,0.03315519168972969,0.034401778131723404,0.013529549352824688,0.015526560135185719,0.04223218115935415,0.005862791808520672
416,0.4635598361492157,0.44730737805366516,0.07170756906270981,17.26890754699707,-0.016252439469099045,0.13597984611988068,0.07582692801952362,0.07429955306480712,0.09642059355974197,0.09751200675964355,0.014055358245968819,0.014625266194343567,0.03186961297055217,0.05541205355920446
417,0.2005709707736969,0.21519693732261658,0.05814126506447792,19.414356231689453,0.01462599541991949,0.10597040504217148,0.07195503264665604,0.026673116650389586,0.04970555379986763,0.044885605573654175,0.013525181449949741,0.012378700077533722,0.0885229841519032,0.004560625283327705
418,0.4728250503540039,0.46601778268814087,0.07945973426103592,16.64275550842285,-0.006807282101362944,0.14702706038951874,0.07951753586530685,0.09271851601695251,0.028661398217082024,0.03050057217478752,0.012337064370512962,0.012969656847417355,0.024759418649580294,0.020728178822756273
419,0.14251336455345154,0.17188429832458496,0.050389111042022705,19.39956283569336,0.02937091700732708,0.10305359214544296,0.06902391463518143,0.02802396229801967,0.04356261342763901,0.04931694641709328,0.011351488530635834,0.0127656739205122,0.09801845547229397,0.0029846386944259364
420,0.2792007625102997,0.2722139358520508,0.03876082971692085,22.59654998779297,-0.006986842956393957,0.07383061200380325,0.061966292560100555,0.003136760952041937,0.04205130785703659,0.04547236114740372,0.011980030685663223,0.012616229243576527,0.03898893462698101,0.0024887201345977737
421,0.23759345710277557,0.23694974184036255,0.01744239032268524,28.35660171508789,-0.0006437089759856462,0.038203947246074677,0.033879004418849945,0.00048679122437120264,0.04145980626344681,0.08007175475358963,0.006582316011190414,0.008998360484838486,0.04690841935847002,0.0005841494692454431
422,0.5142239332199097,0.5293922424316406,0.07945974916219711,16.82039451599121,0.015168321318924427,0.1434050351381302,0.08019807189702988,0.08392280708159533,0.021363697946071625,0.03003014251589775,0.011316804215312004,0.01543550007045269,0.0024522107927699333,0.02382538798781805
423,0.31146353483200073,0.3107752501964569,0.04457496851682663,21.676639556884766,-0.0006882725283503532,0.08244281262159348,0.06418007612228394,0.008217644356416365,0.07794519513845444,0.0748576745390892,0.011113627813756466,0.010688511654734612,0.041620649683737826,0.019127852672635944
424,0.6333604454994202,0.6333886981010437,0.06492441147565842,18.814666748046875,2.8295076845097356e-05,0.11462165415287018,0.07685116678476334,0.03104511033427345,0.00970374420285225,0.009610600769519806,0.00904494896531105,0.009326579980552197,0.00013386758670208074,0.002753412862849615
425,0.1445693075656891,0.14854489266872406,0.043605949729681015,20.66747283935547,0.003975582774728537,0.0925179198384285,0.06514725834131241,0.017153305768780252,0.05554072931408882,0.05380142107605934,0.011843051761388779,0.012506331317126751,0.18124454261400802,0.0015699016985971286
426,0.26157113909721375,0.2615715563297272,0.0348847359418869,24.81607437133789,4.025523026029987e-07,0.05743760988116264,0.05164573714137077,0.0008245026362787244,0.012155922129750252,0.015637800097465515,0.005696626380085945,0.006547379307448864,0.007736938022349802,0.0012139356157756867
427,0.4414048194885254,0.4460048973560333,0.025194546207785606,26.378387451171875,0.004600107204169035,0.047761235386133194,0.04553190991282463,0.0005080883404374427,0.025313997641205788,0.03450579568743706,0.0074944868683815,0.008565345779061317,6.084890304640033e-06,0.0002190560509670412
428,0.3950890600681305,0.40863093733787537,0.056203220039606094,19.461395263671875,0.013541918247938156,0.10553190112113953,0.07341866940259933,0.024558617269527173,0.0150857949629426,0.021361565217375755,0.010609045624732971,0.012498690746724606,0.007073684979144039,0.0011926384997094466
429,0.38386476039886475,0.3851873576641083,0.0775216817855835,17.08120346069336,0.0013226224109530449,0.13993310928344727,0.08022402226924896,0.07481676874070153,0.019670162349939346,0.016567258164286613,0.014113245531916618,0.013079538010060787,0.015358263128911443,0.004168149858678423
430,0.27489399909973145,0.273100346326828,0.04360594600439072,21.19450569152832,-0.001793652307242155,0.0871330201625824,0.06360410153865814,0.014421190021996879,0.0947440043091774,0.09132036566734314,0.013636121526360512,0.012831558473408222,0.06732626877568965,0.01835811404909898
431,0.38712278008461,0.37539470195770264,0.04651300981640816,21.30540657043457,-0.011728043667972088,0.08524278551340103,0.06714633107185364,0.00745094817803172,0.0372435599565506,0.04083262383937836,0.012025102972984314,0.012520023621618748,0.018799268596185383,0.006571681529011236
432,0.3493640124797821,0.3609515428543091,0.07461462914943695,17.191059112548828,0.011587568558752537,0.1376938670873642,0.07683924585580826,0.07591813388584137,0.03558395430445671,0.03593359887599945,0.012361719273030758,0.013676646165549755,0.0362963706671778,0.01833681693303274
433,0.31392017006874084,0.3157517611980438,0.04651300981640816,21.43990707397461,0.0018316243076696992,0.08470384031534195,0.06830630451440811,0.005564632183593311,0.0271043349057436,0.02476390451192856,0.011710659600794315,0.011665824800729752,0.015568191844421524,0.0015303499116169684
434,0.38902178406715393,0.3973954916000366,0.06298637390136719,18.91301155090332,0.008373653516173363,0.11302141100168228,0.07605143636465073,0.030287541491345764,0.017221378162503242,0.01969943195581436,0.011367597617208958,0.011960257776081562,0.0017189815110608094,0.005899301150348512
435,0.40220165252685547,0.40441474318504333,0.07558362931013107,16.881967544555664,0.0022130811121314764,0.14316923916339874,0.07931063324213028,0.08215210400294509,0.026830201968550682,0.02621915377676487,0.013468650169670582,0.01323484256863594,0.028684172896073116,0.01476802876936136
436,0.33715298771858215,0.3559390902519226,0.0707385465502739,18.17491340637207,0.01878613792359829,0.12194415926933289,0.0751027911901474,0.04958881353766395,0.03350617736577988,0.038258571177721024,0.011816184967756271,0.01405287068337202,0.050939659185294035,0.014275152654685517
437,0.3565908968448639,0.3758648633956909,0.07461462169885635,17.016807556152344,0.019273996353149414,0.13965696096420288,0.07858801633119583,0.07952038894618828,0.02818906493484974,0.028530968353152275,0.01280904933810234,0.014547433704137802,0.03513719906414387,0.015884606140262807
438,0.26037725806236267,0.2832610011100769,0.06492441147565842,17.87174415588379,0.022883767262101173,0.1256992220878601,0.07642191648483276,0.05552158158468798,0.03562098369002342,0.03168579563498497,0.014043121598660946,0.01253456436097622,0.04963749266010107,0.008296747930376686
439,0.12496519833803177,0.13274915516376495,0.032946716994047165,23.252408981323242,0.007783976383507252,0.06832496076822281,0.055693548172712326,0.004292890109923543,0.034751035273075104,0.03272593766450882,0.010210325010120869,0.009358386509120464,0.08742466145191567,0.0008944788747820849
440,0.3016182482242584,0.3230341672897339,0.07170755416154861,17.421741485595703,0.02141590602695942,0.13284389674663544,0.07768891006708145,0.06698855736378212,0.03218040615320206,0.03167979046702385,0.014165351167321205,0.013989285565912724,0.03427922953118963,0.009081698779675249
441,0.28483569622039795,0.2955852448940277,0.044574979692697525,21.00167465209961,0.010749575681984425,0.0884571298956871,0.06679020076990128,0.011150561483252861,0.028130391612648964,0.03531089797616005,0.011636464856564999,0.012278628535568714,0.03663712452423764,0.0037452499825059403
442,0.626175045967102,0.6157051920890808,0.07461457699537277,16.968189239501953,-0.010469856671988964,0.14138489961624146,0.07764968276023865,0.0811207150963086,0.05889398977160454,0.05692267417907715,0.015043196268379688,0.014652393758296967,0.02035091562386859,0.0946170017920002
443,0.3519328534603119,0.36931076645851135,0.07364559918642044,17.220285415649414,0.01737792231142521,0.1366156041622162,0.07974272221326828,0.07015574276734726,0.017908787354826927,0.017306990921497345,0.013022798113524914,0.013155097141861916,0.011935512332551424,0.005792815570017312
444,0.5212551951408386,0.519822359085083,0.07945972681045532,16.730087280273438,-0.0014328567776829004,0.14570507407188416,0.08031034469604492,0.0838406610624827,0.01781012862920761,0.01455825287848711,0.011597290635108948,0.011706250719726086,0.024844607113845254,0.024972389810242697
445,0.2419425994157791,0.2373010814189911,0.03682280331850052,22.381074905395508,-0.004641503561288118,0.07588139176368713,0.057885583490133286,0.008832218277185009,0.08822132647037506,0.09225049614906311,0.011177773587405682,0.011857624165713787,0.09082915757736178,0.013566262934194953
446,0.48722559213638306,0.5011228322982788,0.08818093687295914,15.990459442138672,0.013897274620831013,0.1580536812543869,0.08133390545845032,0.11438681039177566,0.013456559740006924,0.015103137120604515,0.010727104730904102,0.012171932496130466,0.009726697151967093,0.02059431123605419
447,0.3043622374534607,0.2964474558830261,0.06298637390136719,18.11540985107422,-0.00791474524885416,0.12397848069667816,0.07447117567062378,0.05294767298582525,0.040574975311756134,0.04292033985257149,0.012650376185774803,0.014571856707334518,0.08440655586081422,0.005196496320162588
448,0.4241078197956085,0.42510971426963806,0.05038909241557121,19.869600296020508,0.0010018444154411554,0.10150765627622604,0.06947797536849976,0.022845720648771006,0.0277020875364542,0.03601287677884102,0.008429393172264099,0.015392693690955639,0.04218045959176471,0.01643224626768041
449,0.23198813199996948,0.2580607533454895,0.0494200773537159,19.09882926940918,0.02607259713113308,0.10782498121261597,0.07059235125780106,0.033710292287705786,0.06409405171871185,0.06314742565155029,0.016939561814069748,0.012438381090760231,0.08554747279293423,0.015860266579044248
450,0.3085253834724426,0.3287709653377533,0.0775216817855835,17.094558715820312,0.020245613530278206,0.13824978470802307,0.0797230526804924,0.07449426955455561,0.017093276605010033,0.01646607741713524,0.013572798110544682,0.0129699083045125,0.005205623655619549,0.00025252294764256135
451,0.6676714420318604,0.6567421555519104,0.056203264743089676,20.06243896484375,-0.010929269716143608,0.09868032485246658,0.07381457835435867,0.012090677035319746,0.020566973835229874,0.01812155731022358,0.011530510149896145,0.009607380256056786,0.0008001630750601644,0.0076578344483894814
452,0.3586960434913635,0.34729254245758057,0.06007930263876915,18.876123428344727,-0.011403514072299004,0.1132407933473587,0.0742727592587471,0.03568483919156147,0.04052777215838432,0.04067405313253403,0.015001244843006134,0.015387723222374916,0.05724969043120575,0.008123328556694445
453,0.4601409435272217,0.44313931465148926,0.07945970445871353,16.923871994018555,-0.017001599073410034,0.14147934317588806,0.07974410057067871,0.08181743503618988,0.022281765937805176,0.016127536073327065,0.013742875307798386,0.011765952222049236,0.013907016791254796,0.00905735921845669
454,0.20251795649528503,0.2131870537996292,0.056203220039606094,19.20550537109375,0.010669107548892498,0.1090577021241188,0.07146355509757996,0.03271237027774482,0.04075947403907776,0.03960726410150528,0.013443445786833763,0.012991156429052353,0.10786685043035386,0.0032827983193532977
455,0.604299008846283,0.6085363626480103,0.07364559918642044,17.833587646484375,0.004237384535372257,0.12825779616832733,0.07903582602739334,0.05323974772044797,0.01453841757029295,0.006911007687449455,0.011428236030042171,0.008461813442409039,0.0013873549894579276,0.015327838677388243
456,0.41961905360221863,0.4133492112159729,0.06298638880252838,18.943574905395508,-0.006269813049584627,0.11275891959667206,0.07631620019674301,0.028288655026271516,0.015059156343340874,0.010585644282400608,0.011625563725829124,0.009811882860958576,0.0011591716030339263,0.00034075385705984183
457,0.3755836486816406,0.4016542136669159,0.07364555448293686,17.266510009765625,0.026070576161146164,0.1344817727804184,0.07611877471208572,0.07377625249860809,0.04778541252017021,0.0456189289689064,0.015202971175312996,0.013051765970885754,0.02003754377317963,0.021850841083962357
458,0.5598390698432922,0.5670775175094604,0.0494200736284256,21.58341407775879,0.007238462101668119,0.0830204039812088,0.06860549747943878,0.0037908866597907405,0.009462070651352406,0.015324299223721027,0.007148478180170059,0.009394502267241478,3.0424451523200165e-05,0.005719796886361631
459,0.6097471117973328,0.6209070086479187,0.08818093687295914,15.887847900390625,0.011159850284457207,0.16016066074371338,0.08247238397598267,0.11601147610311455,0.01959249936044216,0.024058088660240173,0.01196053996682167,0.01337316446006298,0.0013995247700672076,0.0814249596115406
460,0.5497444868087769,0.5457063913345337,0.06298641115427017,18.920148849487305,-0.004038069862872362,0.11316607892513275,0.0763462707400322,0.02966384023512016,0.022592728957533836,0.026890534907579422,0.011327114887535572,0.012806834653019905,0.0006602105980534436,0.01487147190454024
